datetime,ms,seconds,ambient_temp,thermocouple_0_temp,thermocouple_1_temp,thermocouple_2_temp,thermocouple_3_temp
2015-11-15 22:00:38,038,5,65,355,373,792,792
2015-11-15 22:00:39,040,6,65,346,370,792,792
2015-11-15 22:00:40,045,7,65,338,366,792,792
2015-11-15 22:00:41,050,8,65,331,364,792,792
2015-11-15 22:00:42,054,9,66,324,361,792,792
2015-11-15 22:00:43,056,10,65,317,359,792,792
2015-11-15 22:00:44,058,11,65,311,356,792,792
2015-11-15 22:00:45,061,12,65,306,354,792,792
2015-11-15 22:00:46,065,13,65,301,352,792,792
2015-11-15 22:00:47,070,14,65,296,350,792,792
2015-11-15 22:00:48,070,15,65,291,348,792,792
2015-11-15 22:00:49,074,16,65,287,347,792,792
2015-11-15 22:00:50,076,17,66,284,345,792,792
2015-11-15 22:00:51,081,18,65,280,343,792,792
2015-11-15 22:00:52,085,19,65,277,342,792,792
2015-11-15 22:00:53,087,20,65,274,340,792,792
2015-11-15 22:00:54,090,21,65,272,339,792,792
2015-11-15 22:00:55,092,22,65,269,337,792,792
2015-11-15 22:00:56,094,23,65,267,336,792,792
2015-11-15 22:00:57,099,24,65,264,335,792,792
2015-11-15 22:00:58,101,25,65,262,334,792,792
2015-11-15 22:00:59,102,26,65,259,333,792,792
2015-11-15 22:01:00,107,27,65,257,332,792,792
2015-11-15 22:01:01,112,28,65,256,331,792,792
2015-11-15 22:01:02,116,29,65,254,330,792,792
2015-11-15 22:01:03,120,30,65,252,329,792,792
2015-11-15 22:01:04,124,31,65,251,329,792,792
2015-11-15 22:01:05,130,32,65,250,328,792,792
2015-11-15 22:01:06,132,33,65,248,327,792,792
2015-11-15 22:01:07,137,34,65,247,327,792,792
2015-11-15 22:01:08,141,35,66,246,326,792,792
2015-11-15 22:01:09,143,36,65,245,326,792,792
2015-11-15 22:01:10,147,37,65,244,325,792,792
2015-11-15 22:01:11,148,38,65,243,325,791,792
2015-11-15 22:01:12,153,39,65,242,324,792,792
2015-11-15 22:01:13,159,40,65,242,324,792,792
2015-11-15 22:01:14,164,41,65,241,323,792,792
2015-11-15 22:01:15,165,42,65,241,323,792,792
2015-11-15 22:01:16,169,43,65,240,323,792,792
2015-11-15 22:01:17,173,44,65,240,322,792,792
2015-11-15 22:01:18,175,45,65,239,322,792,792
2015-11-15 22:01:19,180,46,65,239,322,792,792
2015-11-15 22:01:20,186,47,65,238,322,792,792
2015-11-15 22:01:21,190,48,65,238,321,792,792
2015-11-15 22:01:22,192,49,65,238,321,792,792
2015-11-15 22:01:23,197,50,65,238,321,792,792
2015-11-15 22:01:24,198,51,65,237,321,792,792
2015-11-15 22:01:25,201,52,65,237,320,792,792
2015-11-15 22:01:26,206,53,65,237,320,792,792
2015-11-15 22:01:27,208,54,65,237,320,792,792
2015-11-15 22:01:28,209,55,65,237,320,792,792
2015-11-15 22:01:29,216,56,66,237,320,792,792
2015-11-15 22:01:30,220,57,65,237,320,792,792
2015-11-15 22:01:31,221,58,65,237,319,792,792
2015-11-15 22:01:32,223,59,65,237,319,792,792
2015-11-15 22:01:33,226,60,65,237,319,792,792
2015-11-15 22:01:34,229,61,65,238,319,792,792
2015-11-15 22:01:35,232,62,65,238,320,792,792
2015-11-15 22:01:36,237,63,65,238,320,792,792
2015-11-15 22:01:37,238,64,65,238,321,792,792
2015-11-15 22:01:38,241,65,65,238,322,792,792
2015-11-15 22:01:39,244,66,66,239,322,792,792
2015-11-15 22:01:40,248,67,65,239,323,792,792
2015-11-15 22:01:41,252,68,65,239,323,792,792
2015-11-15 22:01:42,254,69,65,239,324,792,792
2015-11-15 22:01:43,257,70,65,240,324,792,792
2015-11-15 22:01:44,261,71,65,240,325,791,792
2015-11-15 22:01:45,262,72,65,240,325,792,792
2015-11-15 22:01:46,267,73,65,240,326,792,792
2015-11-15 22:01:47,269,74,65,241,326,791,792
2015-11-15 22:01:48,271,75,65,241,327,792,792
2015-11-15 22:01:49,274,76,65,241,327,792,792
2015-11-15 22:01:50,278,77,65,242,327,792,792
2015-11-15 22:01:51,283,78,65,242,328,792,792
2015-11-15 22:01:52,284,79,65,242,328,792,792
2015-11-15 22:01:53,287,80,65,242,329,792,792
2015-11-15 22:01:54,291,81,65,243,329,792,792
2015-11-15 22:01:55,296,82,65,243,329,791,792
2015-11-15 22:01:56,298,83,66,243,330,792,792
2015-11-15 22:01:57,299,84,65,244,330,792,792
2015-11-15 22:01:58,303,85,65,244,330,792,792
2015-11-15 22:01:59,305,86,66,245,331,792,792
2015-11-15 22:02:00,307,87,65,245,331,792,792
2015-11-15 22:02:01,310,88,65,246,331,792,792
2015-11-15 22:02:02,312,89,65,246,332,791,792
2015-11-15 22:02:03,313,90,65,246,332,792,792
2015-11-15 22:02:04,319,91,65,247,333,792,792
2015-11-15 22:02:05,324,92,65,247,333,792,792
2015-11-15 22:02:06,329,93,65,248,333,792,792
2015-11-15 22:02:07,330,94,65,248,334,792,792
2015-11-15 22:02:08,331,95,65,248,334,792,792
2015-11-15 22:02:09,336,96,65,249,334,792,792
2015-11-15 22:02:10,337,97,66,249,335,792,792
2015-11-15 22:02:11,343,98,65,250,335,792,792
2015-11-15 22:02:12,344,99,65,250,335,792,792
2015-11-15 22:02:13,347,100,65,251,336,792,792
2015-11-15 22:02:14,351,101,65,251,336,792,792
2015-11-15 22:02:15,354,102,65,251,336,792,792
2015-11-15 22:02:16,360,103,65,252,336,792,792
2015-11-15 22:02:17,360,104,65,252,337,792,792
2015-11-15 22:02:18,361,105,65,253,337,792,792
2015-11-15 22:02:19,367,106,65,253,337,792,792
2015-11-15 22:02:20,367,107,65,253,338,792,792
2015-11-15 22:02:21,371,108,65,254,338,791,792
2015-11-15 22:02:22,376,109,66,254,338,792,792
2015-11-15 22:02:23,377,110,65,255,339,792,792
2015-11-15 22:02:24,382,111,66,255,339,792,792
2015-11-15 22:02:25,386,112,65,255,339,792,792
2015-11-15 22:02:26,391,113,65,256,340,792,792
2015-11-15 22:02:27,391,114,65,256,340,792,792
2015-11-15 22:02:28,392,115,65,257,340,792,792
2015-11-15 22:02:29,397,116,66,257,341,792,792
2015-11-15 22:02:30,401,117,65,257,341,792,792
2015-11-15 22:02:31,406,118,66,258,341,792,792
2015-11-15 22:02:32,407,119,65,258,342,792,792
2015-11-15 22:02:33,409,120,66,259,342,792,792
2015-11-15 22:02:34,413,121,66,259,342,792,792
2015-11-15 22:02:35,416,122,65,259,342,792,792
2015-11-15 22:02:36,422,123,65,260,343,792,792
2015-11-15 22:02:37,423,124,65,260,343,792,792
2015-11-15 22:02:38,426,125,65,261,343,792,792
2015-11-15 22:02:39,428,126,66,261,344,792,792
2015-11-15 22:02:40,432,127,65,261,344,792,792
2015-11-15 22:02:41,437,128,66,262,344,792,792
2015-11-15 22:02:42,442,129,65,262,344,792,792
2015-11-15 22:02:43,445,130,65,262,345,792,792
2015-11-15 22:02:44,448,131,65,263,345,792,792
2015-11-15 22:02:45,453,132,65,263,345,792,792
2015-11-15 22:02:46,457,133,66,263,345,792,792
2015-11-15 22:02:47,462,134,66,264,345,792,792
2015-11-15 22:02:48,468,135,65,264,346,792,792
2015-11-15 22:02:49,473,136,66,264,346,792,792
2015-11-15 22:02:50,479,137,66,265,346,792,792
2015-11-15 22:02:51,481,138,65,265,346,792,792
2015-11-15 22:02:52,485,139,65,266,346,791,792
2015-11-15 22:02:53,490,140,65,266,347,791,792
2015-11-15 22:02:54,491,141,65,266,347,792,792
2015-11-15 22:02:55,496,142,66,267,347,792,792
2015-11-15 22:02:56,497,143,65,267,347,792,792
2015-11-15 22:02:57,501,144,66,267,348,792,792
2015-11-15 22:02:58,503,145,65,268,348,792,792
2015-11-15 22:02:59,507,146,66,268,348,792,792
2015-11-15 22:03:00,512,147,66,268,348,792,792
2015-11-15 22:03:01,513,148,66,269,349,792,792
2015-11-15 22:03:02,516,149,66,269,349,792,792
2015-11-15 22:03:03,518,150,66,269,349,792,792
2015-11-15 22:03:04,522,151,65,270,349,791,792
2015-11-15 22:03:05,527,152,66,270,350,792,792
2015-11-15 22:03:06,530,153,66,270,350,792,792
2015-11-15 22:03:07,531,154,65,271,350,791,792
2015-11-15 22:03:08,534,155,66,271,351,792,792
2015-11-15 22:03:09,537,156,66,271,351,792,792
2015-11-15 22:03:10,542,157,66,272,351,792,792
2015-11-15 22:03:11,543,158,65,272,351,791,792
2015-11-15 22:03:12,544,159,66,272,351,792,792
2015-11-15 22:03:13,550,160,65,272,352,791,792
2015-11-15 22:03:14,553,161,65,273,352,791,792
2015-11-15 22:03:15,558,162,66,273,352,792,792
2015-11-15 22:03:16,560,163,66,273,352,792,792
2015-11-15 22:03:17,566,164,66,274,353,792,792
2015-11-15 22:03:18,570,165,65,274,353,791,792
2015-11-15 22:03:19,574,166,66,274,353,792,792
2015-11-15 22:03:20,576,167,65,275,353,791,792
2015-11-15 22:03:21,582,168,65,275,353,791,792
2015-11-15 22:03:22,586,169,66,275,353,792,792
2015-11-15 22:03:23,591,170,66,276,354,792,792
2015-11-15 22:03:24,594,171,66,276,354,792,792
2015-11-15 22:03:25,600,172,66,276,354,792,792
2015-11-15 22:03:26,603,173,66,276,354,792,792
2015-11-15 22:03:27,609,174,65,277,354,791,792
2015-11-15 22:03:28,613,175,66,277,355,792,792
2015-11-15 22:03:29,617,176,66,277,355,792,792
2015-11-15 22:03:30,618,177,66,278,355,792,792
2015-11-15 22:03:31,619,178,65,278,355,791,792
2015-11-15 22:03:32,624,179,66,278,356,792,792
2015-11-15 22:03:33,626,180,66,279,356,792,792
2015-11-15 22:03:34,629,181,65,279,356,791,792
2015-11-15 22:03:35,634,182,66,279,357,792,792
2015-11-15 22:03:36,639,183,65,280,357,791,792
2015-11-15 22:03:37,640,184,66,280,357,792,792
2015-11-15 22:03:38,645,185,66,280,357,792,792
2015-11-15 22:03:39,648,186,66,280,358,792,792
2015-11-15 22:03:40,649,187,66,281,358,792,792
2015-11-15 22:03:41,653,188,66,281,358,792,792
2015-11-15 22:03:42,655,189,66,281,359,792,792
2015-11-15 22:03:43,658,190,66,281,359,792,792
2015-11-15 22:03:44,663,191,66,282,359,792,792
2015-11-15 22:03:45,666,192,66,282,359,791,792
2015-11-15 22:03:46,672,193,66,282,359,792,792
2015-11-15 22:03:47,677,194,66,283,360,792,792
2015-11-15 22:03:48,680,195,66,283,360,792,792
2015-11-15 22:03:49,681,196,66,283,360,792,792
2015-11-15 22:03:50,687,197,66,284,360,792,792
2015-11-15 22:03:51,689,198,66,284,360,792,792
2015-11-15 22:03:52,694,199,66,284,361,792,792
2015-11-15 22:03:53,695,200,66,284,361,791,792
2015-11-15 22:03:54,698,201,66,285,361,792,792
2015-11-15 22:03:55,704,202,66,285,361,791,792
2015-11-15 22:03:56,710,203,66,286,362,791,792
2015-11-15 22:03:57,712,204,65,286,362,791,792
2015-11-15 22:03:58,714,205,66,286,362,792,792
2015-11-15 22:03:59,720,206,66,286,362,791,792
2015-11-15 22:04:00,726,207,66,287,363,792,792
2015-11-15 22:04:01,730,208,66,287,363,792,792
2015-11-15 22:04:02,734,209,66,287,363,791,792
2015-11-15 22:04:03,737,210,66,287,363,791,792
2015-11-15 22:04:04,742,211,66,287,364,791,792
2015-11-15 22:04:05,746,212,66,288,364,791,792
2015-11-15 22:04:06,748,213,66,288,364,792,792
2015-11-15 22:04:07,752,214,66,288,364,791,792
2015-11-15 22:04:08,754,215,66,289,364,791,792
2015-11-15 22:04:09,757,216,66,289,365,791,792
2015-11-15 22:04:10,762,217,66,289,365,791,792
2015-11-15 22:04:11,766,218,66,289,365,792,792
2015-11-15 22:04:12,770,219,65,290,365,791,792
2015-11-15 22:04:13,776,220,66,290,366,791,792
2015-11-15 22:04:14,779,221,66,290,366,791,792
2015-11-15 22:04:15,780,222,66,290,366,791,792
2015-11-15 22:04:16,784,223,66,291,367,791,792
2015-11-15 22:04:17,788,224,66,291,367,791,792
2015-11-15 22:04:18,794,225,66,291,367,791,792
2015-11-15 22:04:19,795,226,66,292,367,792,792
2015-11-15 22:04:20,799,227,66,292,368,791,792
2015-11-15 22:04:21,803,228,66,292,368,791,792
2015-11-15 22:04:22,808,229,66,292,368,791,792
2015-11-15 22:04:23,813,230,66,293,368,791,792
2015-11-15 22:04:24,818,231,66,293,369,792,792
2015-11-15 22:04:25,820,232,66,293,369,792,792
2015-11-15 22:04:26,823,233,66,294,369,792,792
2015-11-15 22:04:27,828,234,66,294,369,792,792
2015-11-15 22:04:28,829,235,66,294,370,792,792
2015-11-15 22:04:29,831,236,66,294,370,792,792
2015-11-15 22:04:30,835,237,66,295,370,791,792
2015-11-15 22:04:31,839,238,66,295,371,791,792
2015-11-15 22:04:32,843,239,66,295,371,792,792
2015-11-15 22:04:33,845,240,65,295,371,791,792
2015-11-15 22:04:34,849,241,66,295,371,792,792
2015-11-15 22:04:35,851,242,66,296,371,791,792
2015-11-15 22:04:36,852,243,66,296,372,792,792
2015-11-15 22:04:37,854,244,66,296,372,792,792
2015-11-15 22:04:38,857,245,66,297,372,791,792
2015-11-15 22:04:39,863,246,66,297,372,791,792
2015-11-15 22:04:40,866,247,66,297,373,791,792
2015-11-15 22:04:41,870,248,66,297,373,792,792
2015-11-15 22:04:42,874,249,66,298,373,791,792
2015-11-15 22:04:43,875,250,66,298,373,791,792
2015-11-15 22:04:44,879,251,66,298,373,792,792
2015-11-15 22:04:45,881,252,66,298,374,791,792
2015-11-15 22:04:46,886,253,66,299,374,792,792
2015-11-15 22:04:47,889,254,66,299,374,791,792
2015-11-15 22:04:48,894,255,66,299,374,791,792
2015-11-15 22:04:49,898,256,66,299,375,792,792
2015-11-15 22:04:50,900,257,66,299,375,791,792
2015-11-15 22:04:51,901,258,66,299,375,791,792
2015-11-15 22:04:52,905,259,66,300,375,792,792
2015-11-15 22:04:53,908,260,66,300,375,791,792
2015-11-15 22:04:54,913,261,66,300,376,791,792
2015-11-15 22:04:55,915,262,66,300,376,791,792
2015-11-15 22:04:56,916,263,66,300,376,791,792
2015-11-15 22:04:57,920,264,66,301,376,791,792
2015-11-15 22:04:58,924,265,65,301,376,791,792
2015-11-15 22:04:59,929,266,66,301,376,792,792
2015-11-15 22:05:00,933,267,66,301,377,791,792
2015-11-15 22:05:01,937,268,66,301,377,791,792
2015-11-15 22:05:02,942,269,66,302,377,791,792
2015-11-15 22:05:03,946,270,66,302,377,791,792
2015-11-15 22:05:04,952,271,66,302,377,791,792
2015-11-15 22:05:05,954,272,66,302,377,791,792
2015-11-15 22:05:06,956,273,66,303,378,791,792
2015-11-15 22:05:07,962,274,66,303,378,791,792
2015-11-15 22:05:08,966,275,66,303,378,791,792
2015-11-15 22:05:09,972,276,66,303,378,791,792
2015-11-15 22:05:10,972,277,66,303,378,791,792
2015-11-15 22:05:11,977,279,66,303,379,791,792
2015-11-15 22:05:12,982,280,66,304,379,791,792
2015-11-15 22:05:13,987,281,66,304,379,791,792
2015-11-15 22:05:14,988,282,66,304,379,791,792
2015-11-15 22:05:15,991,283,66,304,380,792,792
2015-11-15 22:05:16,995,284,66,304,380,791,792
2015-11-15 22:05:17,997,285,66,305,380,792,792
2015-11-15 22:05:18,999,286,66,305,380,791,792
2015-11-15 22:05:20,002,287,66,305,380,791,792
2015-11-15 22:05:21,006,288,66,305,381,791,792
2015-11-15 22:05:22,010,289,66,305,381,791,792
2015-11-15 22:05:23,012,290,66,305,381,791,792
2015-11-15 22:05:24,015,291,66,306,381,792,792
2015-11-15 22:05:25,017,292,66,306,381,791,792
2015-11-15 22:05:26,022,293,66,306,382,791,792
2015-11-15 22:05:27,026,294,66,306,382,792,792
2015-11-15 22:05:28,029,295,66,307,382,791,792
2015-11-15 22:05:29,034,296,66,307,382,791,792
2015-11-15 22:05:30,040,297,66,307,382,791,792
2015-11-15 22:05:31,043,298,66,307,382,791,792
2015-11-15 22:05:32,046,299,66,307,383,791,792
2015-11-15 22:05:33,051,300,66,307,383,791,792
2015-11-15 22:05:34,052,301,66,307,383,791,792
2015-11-15 22:05:35,058,302,66,308,383,792,792
2015-11-15 22:05:36,059,303,66,308,384,791,792
2015-11-15 22:05:37,065,304,66,308,384,791,792
2015-11-15 22:05:38,067,305,66,308,384,791,792
2015-11-15 22:05:39,068,306,66,309,384,791,792
2015-11-15 22:05:40,074,307,66,309,385,791,792
2015-11-15 22:05:41,080,308,66,309,385,791,792
2015-11-15 22:05:42,084,309,66,310,385,791,792
2015-11-15 22:05:43,086,310,66,310,385,791,792
2015-11-15 22:05:44,087,311,66,310,385,791,792
2015-11-15 22:05:45,090,312,66,310,385,791,792
2015-11-15 22:05:46,096,313,66,310,386,791,792
2015-11-15 22:05:47,099,314,66,310,386,791,792
2015-11-15 22:05:48,105,315,66,311,386,791,792
2015-11-15 22:05:49,107,316,66,311,387,792,792
2015-11-15 22:05:50,108,317,66,311,387,791,792
2015-11-15 22:05:51,114,318,66,311,387,791,792
2015-11-15 22:05:52,118,319,66,312,387,791,792
2015-11-15 22:05:53,121,320,66,312,387,791,792
2015-11-15 22:05:54,123,321,66,312,387,791,792
2015-11-15 22:05:55,128,322,66,312,388,791,792
2015-11-15 22:05:56,131,323,66,312,388,791,792
2015-11-15 22:05:57,134,324,66,312,388,791,792
2015-11-15 22:05:58,137,325,66,313,388,791,792
2015-11-15 22:05:59,138,326,66,313,388,791,792
2015-11-15 22:06:00,143,327,66,313,389,791,792
2015-11-15 22:06:01,147,328,66,313,389,791,792
2015-11-15 22:06:02,150,329,66,313,389,791,792
2015-11-15 22:06:03,155,330,66,313,389,791,792
2015-11-15 22:06:04,156,331,66,314,389,791,792
2015-11-15 22:06:05,157,332,66,314,390,791,792
2015-11-15 22:06:06,163,333,66,314,390,791,792
2015-11-15 22:06:07,167,334,66,314,390,791,792
2015-11-15 22:06:08,171,335,66,315,390,791,792
2015-11-15 22:06:09,173,336,66,315,391,791,792
2015-11-15 22:06:10,175,337,66,315,391,791,792
2015-11-15 22:06:11,178,338,66,315,391,791,792
2015-11-15 22:06:12,182,339,66,315,391,791,792
2015-11-15 22:06:13,186,340,66,316,391,791,792
2015-11-15 22:06:14,190,341,66,316,391,791,792
2015-11-15 22:06:15,194,342,66,316,392,791,792
2015-11-15 22:06:16,200,343,66,316,392,791,792
2015-11-15 22:06:17,203,344,66,317,392,791,792
2015-11-15 22:06:18,204,345,66,317,392,791,792
2015-11-15 22:06:19,210,346,66,317,392,791,792
2015-11-15 22:06:20,211,347,66,317,393,791,792
2015-11-15 22:06:21,212,348,66,318,393,791,792
2015-11-15 22:06:22,214,349,66,318,393,791,792
2015-11-15 22:06:23,217,350,66,318,393,791,792
2015-11-15 22:06:24,219,351,66,318,393,791,792
2015-11-15 22:06:25,225,352,66,318,393,791,792
2015-11-15 22:06:26,231,353,66,318,394,791,792
2015-11-15 22:06:27,234,354,66,319,394,791,792
2015-11-15 22:06:28,237,355,66,319,394,791,792
2015-11-15 22:06:29,242,356,66,320,394,791,792
2015-11-15 22:06:30,248,357,66,319,395,791,792
2015-11-15 22:06:31,250,358,66,319,395,791,792
2015-11-15 22:06:32,256,359,66,320,395,791,792
2015-11-15 22:06:33,259,360,66,320,395,791,792
2015-11-15 22:06:34,262,361,66,320,396,791,792
2015-11-15 22:06:35,264,362,66,320,396,791,792
2015-11-15 22:06:36,268,363,66,320,396,791,792
2015-11-15 22:06:37,273,364,66,321,396,791,792
2015-11-15 22:06:38,275,365,66,321,396,791,792
2015-11-15 22:06:39,279,366,66,321,396,791,792
2015-11-15 22:06:40,284,367,66,321,397,791,792
2015-11-15 22:06:41,285,368,66,321,397,791,792
2015-11-15 22:06:42,288,369,66,322,397,791,792
2015-11-15 22:06:43,291,370,66,322,397,791,792
2015-11-15 22:06:44,292,371,66,322,397,791,792
2015-11-15 22:06:45,298,372,66,322,397,791,792
2015-11-15 22:06:46,299,373,66,322,398,791,792
2015-11-15 22:06:47,302,374,66,322,398,791,792
2015-11-15 22:06:48,305,375,66,322,398,791,792
2015-11-15 22:06:49,310,376,66,323,398,791,792
2015-11-15 22:06:50,314,377,66,323,398,791,792
2015-11-15 22:06:51,319,378,66,324,399,791,792
2015-11-15 22:06:52,322,379,66,324,399,791,792
2015-11-15 22:06:53,327,380,66,324,399,791,792
2015-11-15 22:06:54,330,381,66,324,399,791,792
2015-11-15 22:06:55,334,382,66,324,399,791,792
2015-11-15 22:06:56,339,383,66,324,399,791,792
2015-11-15 22:06:57,344,384,66,324,399,791,792
2015-11-15 22:06:58,348,385,66,325,400,791,792
2015-11-15 22:06:59,351,386,66,325,400,791,792
2015-11-15 22:07:00,357,387,66,325,400,791,792
2015-11-15 22:07:01,361,388,66,325,400,791,792
2015-11-15 22:07:02,365,389,66,326,400,791,792
2015-11-15 22:07:03,369,390,66,326,400,791,792
2015-11-15 22:07:04,373,391,66,326,401,791,792
2015-11-15 22:07:05,376,392,66,327,401,791,792
2015-11-15 22:07:06,382,393,66,327,401,791,792
2015-11-15 22:07:07,384,394,66,327,401,791,792
2015-11-15 22:07:08,390,395,66,327,401,791,792
2015-11-15 22:07:09,396,396,66,327,401,791,792
2015-11-15 22:07:10,399,397,66,327,402,791,792
2015-11-15 22:07:11,401,398,66,327,402,791,792
2015-11-15 22:07:12,407,399,66,327,402,791,792
2015-11-15 22:07:13,413,400,66,328,402,791,792
2015-11-15 22:07:14,415,401,66,328,402,791,792
2015-11-15 22:07:15,417,402,66,328,402,791,792
2015-11-15 22:07:16,419,403,66,328,403,791,792
2015-11-15 22:07:17,422,404,66,329,403,791,792
2015-11-15 22:07:18,423,405,66,329,403,791,792
2015-11-15 22:07:19,425,406,66,329,403,791,792
2015-11-15 22:07:20,430,407,66,329,403,791,792
2015-11-15 22:07:21,433,408,66,330,403,791,792
2015-11-15 22:07:22,438,409,66,330,403,791,792
2015-11-15 22:07:23,444,410,66,330,404,791,792
2015-11-15 22:07:24,446,411,66,330,404,791,792
2015-11-15 22:07:25,450,412,66,330,404,791,792
2015-11-15 22:07:26,455,413,66,330,404,791,792
2015-11-15 22:07:27,460,414,66,330,404,791,792
2015-11-15 22:07:28,463,415,66,331,405,791,792
2015-11-15 22:07:29,466,416,66,331,405,791,792
2015-11-15 22:07:30,472,417,66,331,405,791,792
2015-11-15 22:07:31,478,418,66,331,405,791,792
2015-11-15 22:07:32,480,419,66,331,405,791,792
2015-11-15 22:07:33,484,420,66,331,405,791,792
2015-11-15 22:07:34,489,421,66,332,406,791,792
2015-11-15 22:07:35,494,422,66,332,406,791,792
2015-11-15 22:07:36,497,423,66,332,406,791,792
2015-11-15 22:07:37,499,424,66,332,406,791,792
2015-11-15 22:07:38,505,425,66,332,406,791,792
2015-11-15 22:07:39,509,426,66,332,406,791,792
2015-11-15 22:07:40,514,427,66,333,407,791,792
2015-11-15 22:07:41,520,428,66,333,407,791,792
2015-11-15 22:07:42,523,429,66,333,407,791,792
2015-11-15 22:07:43,524,430,66,334,407,791,792
2015-11-15 22:07:44,527,431,66,334,408,791,792
2015-11-15 22:07:45,530,432,66,334,408,791,792
2015-11-15 22:07:46,536,433,66,335,408,791,792
2015-11-15 22:07:47,538,434,66,335,408,791,792
2015-11-15 22:07:48,540,435,66,335,408,791,792
2015-11-15 22:07:49,545,436,66,335,409,791,792
2015-11-15 22:07:50,547,437,66,335,409,791,792
2015-11-15 22:07:51,551,438,66,335,409,791,792
2015-11-15 22:07:52,553,439,66,335,409,791,792
2015-11-15 22:07:53,556,440,66,336,409,791,792
2015-11-15 22:07:54,560,441,66,336,410,791,792
2015-11-15 22:07:55,560,442,66,336,410,791,792
2015-11-15 22:07:56,566,443,66,337,410,791,792
2015-11-15 22:07:57,569,444,66,337,410,791,792
2015-11-15 22:07:58,572,445,66,337,410,791,792
2015-11-15 22:07:59,577,446,66,338,411,791,792
2015-11-15 22:08:00,582,447,66,338,411,791,792
2015-11-15 22:08:01,586,448,66,338,411,791,792
2015-11-15 22:08:02,592,449,66,338,411,791,792
2015-11-15 22:08:03,594,450,66,338,411,791,792
2015-11-15 22:08:04,597,451,66,338,412,791,792
2015-11-15 22:08:05,603,452,66,338,412,791,792
2015-11-15 22:08:06,609,453,66,339,412,791,792
2015-11-15 22:08:07,613,454,66,339,412,791,792
2015-11-15 22:08:08,615,455,66,339,412,791,792
2015-11-15 22:08:09,620,456,66,339,413,791,792
2015-11-15 22:08:10,625,457,66,339,413,791,792
2015-11-15 22:08:11,629,458,66,340,413,791,792
2015-11-15 22:08:12,631,459,66,340,413,791,792
2015-11-15 22:08:13,634,460,66,340,413,791,792
2015-11-15 22:08:14,635,461,66,340,413,791,792
2015-11-15 22:08:15,641,462,66,341,414,791,792
2015-11-15 22:08:16,643,463,66,341,414,791,792
2015-11-15 22:08:17,647,464,66,341,414,791,792
2015-11-15 22:08:18,652,465,66,341,414,791,792
2015-11-15 22:08:19,653,466,66,341,414,791,792
2015-11-15 22:08:20,655,467,66,342,415,791,792
2015-11-15 22:08:21,659,468,66,342,415,791,792
2015-11-15 22:08:22,663,469,66,342,415,791,792
2015-11-15 22:08:23,668,470,66,342,415,791,792
2015-11-15 22:08:24,674,471,66,343,416,791,792
2015-11-15 22:08:25,676,472,66,343,416,791,792
2015-11-15 22:08:26,681,473,66,343,416,791,792
2015-11-15 22:08:27,684,474,66,343,416,791,792
2015-11-15 22:08:28,688,475,66,344,416,791,792
2015-11-15 22:08:29,693,476,66,344,417,791,792
2015-11-15 22:08:30,696,477,66,344,417,791,792
2015-11-15 22:08:31,703,478,66,344,417,791,792
2015-11-15 22:08:32,706,479,66,345,417,791,792
2015-11-15 22:08:33,709,480,66,345,418,791,792
2015-11-15 22:08:34,710,481,66,345,418,791,792
2015-11-15 22:08:35,710,482,66,345,418,791,792
2015-11-15 22:08:36,715,483,66,345,418,791,792
2015-11-15 22:08:37,717,484,66,345,419,791,792
2015-11-15 22:08:38,718,485,66,345,419,791,792
2015-11-15 22:08:39,724,486,66,346,419,791,792
2015-11-15 22:08:40,729,487,66,346,419,791,792
2015-11-15 22:08:41,732,488,66,346,419,791,792
2015-11-15 22:08:42,736,489,66,346,419,791,792
2015-11-15 22:08:43,741,490,66,346,420,791,792
2015-11-15 22:08:44,747,491,66,346,420,791,792
2015-11-15 22:08:45,749,492,66,346,420,791,792
2015-11-15 22:08:46,754,493,66,347,420,791,792
2015-11-15 22:08:47,758,494,66,347,420,791,792
2015-11-15 22:08:48,759,495,66,347,420,791,792
2015-11-15 22:08:49,762,496,66,348,420,791,792
2015-11-15 22:08:50,764,497,66,348,421,791,792
2015-11-15 22:08:51,766,498,66,348,421,791,792
2015-11-15 22:08:52,771,499,66,348,421,791,792
2015-11-15 22:08:53,774,500,66,349,421,791,792
2015-11-15 22:08:54,775,501,66,349,421,791,792
2015-11-15 22:08:55,780,502,66,349,421,791,792
2015-11-15 22:08:56,782,503,66,349,422,791,792
2015-11-15 22:08:57,784,504,66,350,422,791,792
2015-11-15 22:08:58,787,505,66,350,422,791,792
2015-11-15 22:08:59,793,506,66,350,422,791,792
2015-11-15 22:09:00,795,507,66,351,422,791,792
2015-11-15 22:09:01,798,508,66,351,423,791,792
2015-11-15 22:09:02,804,509,66,351,423,791,792
2015-11-15 22:09:03,810,510,66,351,423,791,792
2015-11-15 22:09:04,812,511,66,352,423,791,792
2015-11-15 22:09:05,816,512,66,352,423,791,792
2015-11-15 22:09:06,821,513,66,352,423,791,792
2015-11-15 22:09:07,825,514,66,352,423,791,792
2015-11-15 22:09:08,829,515,66,353,424,791,792
2015-11-15 22:09:09,835,516,66,353,424,791,792
2015-11-15 22:09:10,840,517,66,353,424,791,792
2015-11-15 22:09:11,846,518,66,353,424,791,792
2015-11-15 22:09:12,849,519,66,353,424,791,792
2015-11-15 22:09:13,852,520,66,353,424,791,792
2015-11-15 22:09:14,855,521,66,354,425,791,792
2015-11-15 22:09:15,856,522,66,354,425,791,792
2015-11-15 22:09:16,859,523,66,355,425,791,792
2015-11-15 22:09:17,864,524,66,355,425,791,792
2015-11-15 22:09:18,868,525,66,355,425,791,792
2015-11-15 22:09:19,871,526,66,355,426,791,792
2015-11-15 22:09:20,872,527,66,355,426,791,792
2015-11-15 22:09:21,877,528,66,355,426,791,792
2015-11-15 22:09:22,881,529,66,355,426,791,792
2015-11-15 22:09:23,883,530,66,355,426,791,792
2015-11-15 22:09:24,883,531,66,356,427,791,792
2015-11-15 22:09:25,887,532,66,356,427,791,792
2015-11-15 22:09:26,892,533,66,356,427,791,792
2015-11-15 22:09:27,895,534,66,356,427,791,792
2015-11-15 22:09:28,896,535,66,357,427,791,792
2015-11-15 22:09:29,901,536,66,358,427,791,792
2015-11-15 22:09:30,904,537,66,358,428,791,792
2015-11-15 22:09:31,907,538,66,358,428,791,792
2015-11-15 22:09:32,911,539,66,358,428,791,792
2015-11-15 22:09:33,913,540,66,358,428,791,792
2015-11-15 22:09:34,917,541,66,359,429,791,792
2015-11-15 22:09:35,919,542,66,359,429,791,792
2015-11-15 22:09:36,923,543,66,359,429,791,792
2015-11-15 22:09:37,926,544,66,360,429,791,792
2015-11-15 22:09:38,928,545,66,360,430,791,792
2015-11-15 22:09:39,932,546,66,360,430,791,792
2015-11-15 22:09:40,935,547,66,360,430,791,792
2015-11-15 22:09:41,938,548,66,361,430,791,792
2015-11-15 22:09:42,941,549,66,360,431,791,792
2015-11-15 22:09:43,945,550,66,360,431,791,792
2015-11-15 22:09:44,947,551,66,361,431,791,792
2015-11-15 22:09:45,950,552,66,361,431,791,792
2015-11-15 22:09:46,954,553,66,361,431,791,792
2015-11-15 22:09:47,957,554,66,361,431,791,792
2015-11-15 22:09:48,959,555,66,362,431,791,792
2015-11-15 22:09:49,962,556,66,362,431,791,792
2015-11-15 22:09:50,967,557,66,362,431,791,792
2015-11-15 22:09:51,969,558,66,363,432,791,792
2015-11-15 22:09:52,971,559,66,363,432,791,792
2015-11-15 22:09:53,975,560,66,363,432,791,792
2015-11-15 22:09:54,980,562,66,363,432,791,792
2015-11-15 22:09:55,982,563,66,364,432,791,792
2015-11-15 22:09:56,983,564,66,364,433,791,792
2015-11-15 22:09:57,987,565,66,364,433,791,792
2015-11-15 22:09:58,990,566,66,364,433,791,792
2015-11-15 22:09:59,993,567,66,365,433,791,792
2015-11-15 22:10:00,999,568,66,365,434,791,792
2015-11-15 22:10:02,001,569,66,365,434,791,792
2015-11-15 22:10:03,002,570,66,365,434,791,792
2015-11-15 22:10:04,005,571,66,365,434,791,792
2015-11-15 22:10:05,009,572,66,365,435,791,792
2015-11-15 22:10:06,012,573,66,365,435,791,792
2015-11-15 22:10:07,013,574,66,365,435,791,792
2015-11-15 22:10:08,016,575,66,365,436,791,792
2015-11-15 22:10:09,018,576,66,366,436,791,792
2015-11-15 22:10:10,018,577,66,366,436,791,792
2015-11-15 22:10:11,023,578,66,366,436,791,792
2015-11-15 22:10:12,024,579,66,366,437,791,792
2015-11-15 22:10:13,030,580,66,366,437,791,792
2015-11-15 22:10:14,034,581,66,366,437,791,792
2015-11-15 22:10:15,039,582,66,367,437,791,792
2015-11-15 22:10:16,043,583,66,367,437,791,792
2015-11-15 22:10:17,046,584,66,367,437,791,792
2015-11-15 22:10:18,049,585,66,368,437,791,792
2015-11-15 22:10:19,049,586,66,368,437,791,792
2015-11-15 22:10:20,054,587,66,368,437,791,792
2015-11-15 22:10:21,056,588,66,368,437,791,792
2015-11-15 22:10:22,059,589,66,368,437,791,792
2015-11-15 22:10:23,062,590,66,369,437,791,792
2015-11-15 22:10:24,065,591,66,369,438,791,792
2015-11-15 22:10:25,067,592,66,369,438,791,792
2015-11-15 22:10:26,070,593,66,369,438,791,792
2015-11-15 22:10:27,076,594,66,370,438,791,792
2015-11-15 22:10:28,079,595,66,370,438,791,792
2015-11-15 22:10:29,080,596,66,370,438,791,792
2015-11-15 22:10:30,085,597,66,370,438,791,792
2015-11-15 22:10:31,089,598,66,370,438,791,792
2015-11-15 22:10:32,092,599,66,370,438,791,792
2015-11-15 22:10:33,095,600,66,370,438,791,792
2015-11-15 22:10:34,100,601,66,370,438,791,792
2015-11-15 22:10:35,106,602,66,371,438,791,792
2015-11-15 22:10:36,107,603,66,370,438,791,792
2015-11-15 22:10:37,110,604,66,371,438,791,792
2015-11-15 22:10:38,116,605,66,371,438,791,792
2015-11-15 22:10:39,118,606,66,371,438,791,792
2015-11-15 22:10:40,124,607,66,372,439,791,792
2015-11-15 22:10:41,126,608,66,372,439,791,792
2015-11-15 22:10:42,129,609,66,372,439,791,792
2015-11-15 22:10:43,133,610,66,372,439,791,792
2015-11-15 22:10:44,138,611,66,372,439,791,792
2015-11-15 22:10:45,139,612,66,373,439,791,792
2015-11-15 22:10:46,142,613,66,373,440,791,792
2015-11-15 22:10:47,148,614,66,373,440,791,792
2015-11-15 22:10:48,150,615,66,373,440,791,792
2015-11-15 22:10:49,154,616,66,373,440,791,792
2015-11-15 22:10:50,157,617,66,373,440,791,792
2015-11-15 22:10:51,158,618,66,373,440,791,792
2015-11-15 22:10:52,163,619,66,374,441,791,792
2015-11-15 22:10:53,169,620,66,374,441,791,792
2015-11-15 22:10:54,174,621,66,374,441,791,792
2015-11-15 22:10:55,179,622,66,374,441,791,792
2015-11-15 22:10:56,182,623,66,374,441,791,792
2015-11-15 22:10:57,184,624,66,375,441,791,792
2015-11-15 22:10:58,186,625,66,374,441,791,792
2015-11-15 22:10:59,189,626,66,375,441,791,792
2015-11-15 22:11:00,191,627,66,375,441,791,792
2015-11-15 22:11:01,197,628,66,375,441,791,792
2015-11-15 22:11:02,200,629,66,375,442,791,792
2015-11-15 22:11:03,203,630,66,375,442,791,792
2015-11-15 22:11:04,206,631,66,375,442,791,792
2015-11-15 22:11:05,209,632,66,376,442,791,792
2015-11-15 22:11:06,210,633,66,376,442,791,792
2015-11-15 22:11:07,216,634,66,376,442,791,792
2015-11-15 22:11:08,221,635,66,376,442,791,792
2015-11-15 22:11:09,223,636,66,376,442,791,792
2015-11-15 22:11:10,224,637,66,376,442,791,792
2015-11-15 22:11:11,224,638,66,376,442,791,792
2015-11-15 22:11:12,226,639,66,376,442,791,792
2015-11-15 22:11:13,232,640,66,377,442,791,792
2015-11-15 22:11:14,237,641,66,376,442,791,792
2015-11-15 22:11:15,239,642,66,377,442,791,792
2015-11-15 22:11:16,242,643,66,377,442,791,792
2015-11-15 22:11:17,244,644,66,377,442,791,792
2015-11-15 22:11:18,245,645,66,377,442,791,792
2015-11-15 22:11:19,248,646,66,378,442,791,792
2015-11-15 22:11:20,254,647,66,378,442,791,792
2015-11-15 22:11:21,258,648,66,378,442,791,792
2015-11-15 22:11:22,261,649,66,378,442,791,792
2015-11-15 22:11:23,266,650,66,378,442,791,792
2015-11-15 22:11:24,268,651,66,378,442,791,792
2015-11-15 22:11:25,269,652,66,378,442,791,792
2015-11-15 22:11:26,274,653,66,379,442,791,792
2015-11-15 22:11:27,277,654,66,379,443,791,792
2015-11-15 22:11:28,281,655,66,379,443,791,792
2015-11-15 22:11:29,286,656,66,380,443,791,792
2015-11-15 22:11:30,290,657,66,380,443,791,792
2015-11-15 22:11:31,295,658,66,380,443,791,792
2015-11-15 22:11:32,301,659,66,380,443,791,792
2015-11-15 22:11:33,304,660,66,380,443,791,792
2015-11-15 22:11:34,306,661,66,381,444,791,792
2015-11-15 22:11:35,311,662,66,381,444,791,792
2015-11-15 22:11:36,313,663,66,381,444,791,792
2015-11-15 22:11:37,318,664,66,382,444,791,792
2015-11-15 22:11:38,324,665,66,382,444,791,792
2015-11-15 22:11:39,325,666,66,382,444,791,792
2015-11-15 22:11:40,330,667,66,382,444,791,792
2015-11-15 22:11:41,332,668,66,382,444,791,792
2015-11-15 22:11:42,336,669,66,382,444,791,792
2015-11-15 22:11:43,340,670,66,382,444,791,792
2015-11-15 22:11:44,345,671,66,382,444,791,792
2015-11-15 22:11:45,346,672,66,383,444,791,792
2015-11-15 22:11:46,348,673,66,383,444,791,792
2015-11-15 22:11:47,352,674,66,383,444,791,792
2015-11-15 22:11:48,358,675,66,383,444,791,792
2015-11-15 22:11:49,363,676,66,383,444,791,792
2015-11-15 22:11:50,365,677,66,383,445,791,792
2015-11-15 22:11:51,367,678,66,383,445,791,792
2015-11-15 22:11:52,371,679,66,383,445,791,792
2015-11-15 22:11:53,375,680,66,383,445,791,792
2015-11-15 22:11:54,377,681,66,384,445,791,792
2015-11-15 22:11:55,380,682,66,384,445,791,792
2015-11-15 22:11:56,381,683,66,384,445,791,792
2015-11-15 22:11:57,386,684,66,384,445,791,792
2015-11-15 22:11:58,388,685,66,385,445,791,792
2015-11-15 22:11:59,390,686,66,384,445,791,792
2015-11-15 22:12:00,395,687,66,384,446,791,792
2015-11-15 22:12:01,396,688,66,384,446,791,792
2015-11-15 22:12:02,401,689,66,385,446,791,792
2015-11-15 22:12:03,403,690,66,385,446,791,792
2015-11-15 22:12:04,407,691,66,385,446,791,792
2015-11-15 22:12:05,411,692,66,386,446,791,792
2015-11-15 22:12:06,414,693,66,386,446,791,792
2015-11-15 22:12:07,419,694,66,386,446,791,792
2015-11-15 22:12:08,425,695,66,386,446,791,792
2015-11-15 22:12:09,426,696,66,386,446,791,792
2015-11-15 22:12:10,432,697,66,387,446,791,792
2015-11-15 22:12:11,433,698,66,387,446,791,792
2015-11-15 22:12:12,438,699,66,387,446,791,792
2015-11-15 22:12:13,439,700,66,387,446,791,792
2015-11-15 22:12:14,445,701,66,387,446,791,792
2015-11-15 22:12:15,451,702,66,387,446,791,792
2015-11-15 22:12:16,455,703,66,387,446,791,792
2015-11-15 22:12:17,459,704,66,387,446,791,792
2015-11-15 22:12:18,465,705,66,387,446,791,792
2015-11-15 22:12:19,466,706,66,388,446,791,792
2015-11-15 22:12:20,468,707,66,387,446,791,792
2015-11-15 22:12:21,473,708,66,387,446,791,792
2015-11-15 22:12:22,477,709,66,388,446,791,792
2015-11-15 22:12:23,482,710,66,388,446,791,792
2015-11-15 22:12:24,486,711,66,388,446,791,792
2015-11-15 22:12:25,486,712,66,388,446,791,792
2015-11-15 22:12:26,492,713,66,389,446,791,792
2015-11-15 22:12:27,493,714,66,389,446,791,792
2015-11-15 22:12:28,494,715,66,389,447,791,792
2015-11-15 22:12:29,496,716,66,389,446,791,792
2015-11-15 22:12:30,500,717,66,390,446,791,792
2015-11-15 22:12:31,506,718,66,389,446,791,792
2015-11-15 22:12:32,510,719,66,388,445,791,792
2015-11-15 22:12:33,512,720,66,387,445,791,792
2015-11-15 22:12:34,515,721,66,385,444,791,792
2015-11-15 22:12:35,516,722,66,383,443,791,792
2015-11-15 22:12:36,516,723,66,381,443,791,792
2015-11-15 22:12:37,521,724,66,380,442,791,792
2015-11-15 22:12:38,523,725,66,379,441,791,792
2015-11-15 22:12:39,527,726,66,377,440,791,792
2015-11-15 22:12:40,531,727,66,376,439,791,792
2015-11-15 22:12:41,533,728,66,375,438,791,792
2015-11-15 22:12:42,537,729,66,374,438,791,792
2015-11-15 22:12:43,539,730,66,374,437,791,792
2015-11-15 22:12:44,543,731,66,372,436,791,792
2015-11-15 22:12:45,544,732,66,372,435,791,792
2015-11-15 22:12:46,547,733,66,371,434,791,792
2015-11-15 22:12:47,549,734,66,371,434,791,792
2015-11-15 22:12:48,555,735,66,371,433,791,792
2015-11-15 22:12:49,559,736,66,370,433,791,792
2015-11-15 22:12:50,561,737,66,370,432,791,792
2015-11-15 22:12:51,565,738,66,369,432,791,792
2015-11-15 22:12:52,567,739,66,368,431,791,792
2015-11-15 22:12:53,569,740,66,368,431,791,792
2015-11-15 22:12:54,575,741,66,367,430,791,792
2015-11-15 22:12:55,576,742,66,367,430,791,792
2015-11-15 22:12:56,582,743,66,366,430,791,792
2015-11-15 22:12:57,586,744,66,366,430,791,792
2015-11-15 22:12:58,588,745,66,365,429,791,792
2015-11-15 22:12:59,593,746,66,365,429,791,792
2015-11-15 22:13:00,594,747,66,364,429,791,792
2015-11-15 22:13:01,598,748,66,364,429,791,792
2015-11-15 22:13:02,602,749,66,364,428,791,792
2015-11-15 22:13:03,603,750,66,363,428,791,792
2015-11-15 22:13:04,607,751,66,363,428,791,792
2015-11-15 22:13:05,611,752,66,363,428,791,792
2015-11-15 22:13:06,612,753,66,363,427,791,792
2015-11-15 22:13:07,617,754,66,363,427,791,792
2015-11-15 22:13:08,621,755,66,362,427,791,792
2015-11-15 22:13:09,622,756,66,362,427,791,792
2015-11-15 22:13:10,627,757,66,362,427,791,792
2015-11-15 22:13:11,629,758,66,362,426,791,792
2015-11-15 22:13:12,633,759,66,362,426,791,792
2015-11-15 22:13:13,634,760,66,361,426,791,792
2015-11-15 22:13:14,638,761,66,361,426,791,792
2015-11-15 22:13:15,642,762,66,361,426,791,792
2015-11-15 22:13:16,645,763,66,361,426,791,792
2015-11-15 22:13:17,648,764,66,361,426,791,792
2015-11-15 22:13:18,651,765,66,361,426,791,792
2015-11-15 22:13:19,654,766,66,360,426,791,792
2015-11-15 22:13:20,657,767,66,360,426,791,792
2015-11-15 22:13:21,660,768,66,360,426,791,792
2015-11-15 22:13:22,663,769,66,360,426,791,792
2015-11-15 22:13:23,667,770,66,360,426,791,792
2015-11-15 22:13:24,670,771,66,360,426,791,792
2015-11-15 22:13:25,675,772,66,360,426,791,792
2015-11-15 22:13:26,679,773,66,360,425,791,792
2015-11-15 22:13:27,685,774,66,359,425,791,792
2015-11-15 22:13:28,690,775,66,359,425,791,792
2015-11-15 22:13:29,693,776,66,359,425,791,792
2015-11-15 22:13:30,694,777,66,359,425,791,792
2015-11-15 22:13:31,698,778,66,359,425,791,792
2015-11-15 22:13:32,702,779,66,359,425,791,792
2015-11-15 22:13:33,706,780,66,359,425,791,792
2015-11-15 22:13:34,712,781,66,359,425,791,792
2015-11-15 22:13:35,713,782,66,359,425,791,792
2015-11-15 22:13:36,715,783,66,359,425,791,792
2015-11-15 22:13:37,717,784,66,359,425,791,792
2015-11-15 22:13:38,723,785,66,359,424,791,792
2015-11-15 22:13:39,724,786,66,359,424,791,792
2015-11-15 22:13:40,730,787,66,359,424,791,792
2015-11-15 22:13:41,734,788,66,359,424,791,792
2015-11-15 22:13:42,738,789,66,358,424,791,792
2015-11-15 22:13:43,744,790,66,358,423,791,792
2015-11-15 22:13:44,745,791,66,358,423,791,792
2015-11-15 22:13:45,751,792,66,358,423,791,792
2015-11-15 22:13:46,754,793,66,359,423,791,792
2015-11-15 22:13:47,757,794,66,359,423,791,792
2015-11-15 22:13:48,760,795,66,360,423,791,792
2015-11-15 22:13:49,763,796,66,360,422,791,792
2015-11-15 22:13:50,765,797,66,360,422,791,792
2015-11-15 22:13:51,769,798,66,361,422,791,792
2015-11-15 22:13:52,775,799,66,361,422,791,792
2015-11-15 22:13:53,777,800,66,361,421,791,792
2015-11-15 22:13:54,778,801,66,361,421,791,792
2015-11-15 22:13:55,782,802,66,362,421,791,792
2015-11-15 22:13:56,785,803,66,362,420,791,792
2015-11-15 22:13:57,788,804,66,362,420,791,792
2015-11-15 22:13:58,791,805,66,362,420,791,792
2015-11-15 22:13:59,793,806,66,362,419,791,792
2015-11-15 22:14:00,797,807,66,362,419,791,792
2015-11-15 22:14:01,802,808,66,362,418,791,792
2015-11-15 22:14:02,803,809,66,362,418,791,792
2015-11-15 22:14:03,807,810,66,362,417,791,792
2015-11-15 22:14:04,809,811,66,363,417,791,792
2015-11-15 22:14:05,812,812,66,362,417,791,792
2015-11-15 22:14:06,815,813,66,362,416,791,792
2015-11-15 22:14:07,818,814,66,362,416,791,792
2015-11-15 22:14:08,824,815,66,362,415,791,792
2015-11-15 22:14:09,826,816,66,362,415,791,792
2015-11-15 22:14:10,830,817,66,362,415,791,792
2015-11-15 22:14:11,833,818,66,362,414,791,792
2015-11-15 22:14:12,839,819,66,362,414,791,792
2015-11-15 22:14:13,843,820,66,362,413,791,792
2015-11-15 22:14:14,848,821,66,362,413,791,792
2015-11-15 22:14:15,852,822,66,362,413,791,792
2015-11-15 22:14:16,858,823,66,362,412,791,792
2015-11-15 22:14:17,864,824,66,362,412,791,792
2015-11-15 22:14:18,865,825,66,362,411,791,792
2015-11-15 22:14:19,870,826,66,361,411,791,792
2015-11-15 22:14:20,874,827,66,361,410,791,792
2015-11-15 22:14:21,878,828,66,361,410,791,792
2015-11-15 22:14:22,881,829,66,361,409,791,792
2015-11-15 22:14:23,885,830,66,361,409,791,792
2015-11-15 22:14:24,887,831,66,361,408,791,792
2015-11-15 22:14:25,893,832,66,361,408,791,792
2015-11-15 22:14:26,896,833,66,360,408,791,792
2015-11-15 22:14:27,900,834,66,360,407,791,792
2015-11-15 22:14:28,906,835,66,360,407,791,792
2015-11-15 22:14:29,909,836,66,360,406,791,792
2015-11-15 22:14:30,912,837,66,360,406,791,792
2015-11-15 22:14:31,918,838,66,359,406,791,792
2015-11-15 22:14:32,923,839,66,359,405,791,792
2015-11-15 22:14:33,927,840,66,359,405,791,792
2015-11-15 22:14:34,928,841,66,359,404,791,792
2015-11-15 22:14:35,933,842,66,359,404,791,792
2015-11-15 22:14:36,937,843,66,358,403,791,792
2015-11-15 22:14:37,941,844,66,358,403,791,792
2015-11-15 22:14:38,946,845,66,358,402,791,792
2015-11-15 22:14:39,949,846,66,358,402,791,792
2015-11-15 22:14:40,953,847,66,358,401,791,792
2015-11-15 22:14:41,959,848,66,357,401,791,792
2015-11-15 22:14:42,963,849,66,357,401,791,792
2015-11-15 22:14:43,967,850,66,357,400,791,792
2015-11-15 22:14:44,969,851,66,357,400,791,792
2015-11-15 22:14:45,973,852,66,357,399,791,792
2015-11-15 22:14:46,979,854,66,356,399,791,792
2015-11-15 22:14:47,980,855,66,356,399,791,792
2015-11-15 22:14:48,983,856,66,356,398,791,792
2015-11-15 22:14:49,985,857,66,356,398,791,792
2015-11-15 22:14:50,991,858,66,356,397,791,792
2015-11-15 22:14:51,996,859,66,355,397,791,792
2015-11-15 22:14:53,002,860,66,355,397,791,792
2015-11-15 22:14:54,006,861,66,355,396,791,792
2015-11-15 22:14:55,011,862,66,355,396,791,792
2015-11-15 22:14:56,012,863,66,355,395,791,792
2015-11-15 22:14:57,015,864,66,355,395,791,792
2015-11-15 22:14:58,020,865,66,355,395,791,792
2015-11-15 22:14:59,021,866,66,354,394,791,792
2015-11-15 22:15:00,025,867,66,354,394,791,792
2015-11-15 22:15:01,028,868,66,354,394,791,792
2015-11-15 22:15:02,029,869,66,354,393,791,792
2015-11-15 22:15:03,035,870,66,354,393,791,792
2015-11-15 22:15:04,041,871,66,353,393,791,792
2015-11-15 22:15:05,042,872,66,353,392,791,792
2015-11-15 22:15:06,044,873,66,353,392,791,792
2015-11-15 22:15:07,049,874,66,353,391,791,792
2015-11-15 22:15:08,053,875,66,353,391,791,792
2015-11-15 22:15:09,055,876,66,353,391,791,792
2015-11-15 22:15:10,059,877,66,353,390,791,792
2015-11-15 22:15:11,060,878,66,353,390,791,792
2015-11-15 22:15:12,062,879,66,352,390,791,792
2015-11-15 22:15:13,063,880,66,353,390,791,792
2015-11-15 22:15:14,065,881,66,352,389,791,792
2015-11-15 22:15:15,072,882,66,352,389,791,792
2015-11-15 22:15:16,072,883,66,352,389,791,792
2015-11-15 22:15:17,078,884,66,352,388,791,792
2015-11-15 22:15:18,080,885,66,352,388,791,792
2015-11-15 22:15:19,085,886,66,352,388,791,792
2015-11-15 22:15:20,090,887,66,352,388,791,792
2015-11-15 22:15:21,091,888,66,352,387,791,792
2015-11-15 22:15:22,095,889,66,352,387,791,792
2015-11-15 22:15:23,099,890,66,351,387,791,792
2015-11-15 22:15:24,102,891,66,351,386,791,792
2015-11-15 22:15:25,103,892,66,351,386,791,792
2015-11-15 22:15:26,107,893,66,351,386,791,792
2015-11-15 22:15:27,108,894,66,351,385,791,792
2015-11-15 22:15:28,111,895,66,351,385,791,792
2015-11-15 22:15:29,117,896,66,351,385,791,792
2015-11-15 22:15:30,120,897,66,351,384,791,792
2015-11-15 22:15:31,123,898,66,351,384,791,792
2015-11-15 22:15:32,126,899,66,351,384,791,792
2015-11-15 22:15:33,129,900,66,351,383,791,792
2015-11-15 22:15:34,133,901,66,351,383,791,792
2015-11-15 22:15:35,134,902,66,351,383,791,792
2015-11-15 22:15:36,139,903,66,351,382,791,792
2015-11-15 22:15:37,142,904,66,351,382,791,792
2015-11-15 22:15:38,145,905,66,351,382,791,792
2015-11-15 22:15:39,148,906,66,351,382,791,792
2015-11-15 22:15:40,150,907,66,351,381,791,792
2015-11-15 22:15:41,155,908,66,351,381,791,792
2015-11-15 22:15:42,157,909,66,350,381,791,792
2015-11-15 22:15:43,158,910,66,350,380,791,792
2015-11-15 22:15:44,160,911,66,350,380,791,792
2015-11-15 22:15:45,165,912,66,350,380,791,792
2015-11-15 22:15:46,168,913,66,350,380,791,792
2015-11-15 22:15:47,172,914,66,350,379,791,792
2015-11-15 22:15:48,174,915,66,350,379,791,792
2015-11-15 22:15:49,179,916,66,350,379,791,792
2015-11-15 22:15:50,181,917,66,350,379,791,792
2015-11-15 22:15:51,187,918,66,350,378,791,792
2015-11-15 22:15:52,188,919,66,350,378,791,792
2015-11-15 22:15:53,191,920,66,350,378,791,792
2015-11-15 22:15:54,196,921,66,350,378,791,792
2015-11-15 22:15:55,197,922,66,350,377,791,792
2015-11-15 22:15:56,203,923,66,350,377,791,792
2015-11-15 22:15:57,207,924,66,350,377,791,792
2015-11-15 22:15:58,212,925,66,350,377,791,792
2015-11-15 22:15:59,214,926,66,350,376,791,792
2015-11-15 22:16:00,218,927,66,349,376,791,792
2015-11-15 22:16:01,223,928,66,349,376,791,792
2015-11-15 22:16:02,228,929,66,349,375,791,792
2015-11-15 22:16:03,232,930,66,349,375,791,792
2015-11-15 22:16:04,234,931,66,349,375,791,792
2015-11-15 22:16:05,240,932,66,349,375,791,792
2015-11-15 22:16:06,242,933,66,349,374,791,792
2015-11-15 22:16:07,246,934,66,349,374,791,792
2015-11-15 22:16:08,251,935,66,349,374,791,792
2015-11-15 22:16:09,255,936,66,349,373,791,792
2015-11-15 22:16:10,260,937,66,349,373,791,792
2015-11-15 22:16:11,263,938,66,349,373,791,792
2015-11-15 22:16:12,265,939,66,349,373,791,792
2015-11-15 22:16:13,269,940,66,349,372,791,792
2015-11-15 22:16:14,274,941,66,349,372,791,792
2015-11-15 22:16:15,276,942,66,348,372,791,792
2015-11-15 22:16:16,281,943,66,348,371,791,792
2015-11-15 22:16:17,287,944,66,348,371,791,792
2015-11-15 22:16:18,289,945,66,348,371,791,792
2015-11-15 22:16:19,294,946,66,348,371,791,792
2015-11-15 22:16:20,298,947,66,348,371,791,792
2015-11-15 22:16:21,300,948,66,348,370,791,792
2015-11-15 22:16:22,304,949,66,348,370,791,792
2015-11-15 22:16:23,307,950,66,348,370,791,792
2015-11-15 22:16:24,313,951,66,348,369,791,792
2015-11-15 22:16:25,317,952,66,348,369,791,792
2015-11-15 22:16:26,321,953,66,348,369,791,792
2015-11-15 22:16:27,327,954,66,347,369,791,792
2015-11-15 22:16:28,329,955,66,347,368,791,792
2015-11-15 22:16:29,334,956,66,347,368,791,792
2015-11-15 22:16:30,335,957,66,347,368,791,792
2015-11-15 22:16:31,341,958,66,347,368,791,792
2015-11-15 22:16:32,344,959,66,347,368,791,792
2015-11-15 22:16:33,347,960,66,347,367,791,792
2015-11-15 22:16:34,350,961,66,347,367,791,792
2015-11-15 22:16:35,352,962,66,347,367,791,792
2015-11-15 22:16:36,353,963,66,347,367,791,792
2015-11-15 22:16:37,354,964,66,347,366,791,792
2015-11-15 22:16:38,360,965,66,347,366,791,792
2015-11-15 22:16:39,363,966,66,347,366,791,792
2015-11-15 22:16:40,365,967,66,347,366,791,792
2015-11-15 22:16:41,371,968,66,347,365,791,792
2015-11-15 22:16:42,375,969,66,347,365,791,792
2015-11-15 22:16:43,377,970,66,346,365,791,792
2015-11-15 22:16:44,381,971,66,346,365,791,792
2015-11-15 22:16:45,384,972,66,346,364,791,792
2015-11-15 22:16:46,386,973,66,346,364,791,792
2015-11-15 22:16:47,388,974,66,346,364,791,792
2015-11-15 22:16:48,393,975,66,346,364,791,792
2015-11-15 22:16:49,399,976,66,346,363,791,792
2015-11-15 22:16:50,405,977,66,346,363,791,792
2015-11-15 22:16:51,410,978,66,346,363,791,792
2015-11-15 22:16:52,413,979,66,346,363,791,792
2015-11-15 22:16:53,414,980,66,346,362,791,792
2015-11-15 22:16:54,420,981,66,346,362,791,792
2015-11-15 22:16:55,426,982,66,346,362,791,792
2015-11-15 22:16:56,429,983,66,346,362,791,792
2015-11-15 22:16:57,433,984,66,345,362,791,792
2015-11-15 22:16:58,439,985,66,345,361,791,792
2015-11-15 22:16:59,440,986,66,345,361,791,792
2015-11-15 22:17:00,446,987,66,345,361,791,792
2015-11-15 22:17:01,449,988,66,345,361,791,792
2015-11-15 22:17:02,453,989,66,345,360,791,792
2015-11-15 22:17:03,455,990,66,345,360,791,792
2015-11-15 22:17:04,457,991,66,345,360,791,792
2015-11-15 22:17:05,458,992,66,345,360,791,792
2015-11-15 22:17:06,461,993,66,345,360,791,792
2015-11-15 22:17:07,464,994,66,345,359,791,792
2015-11-15 22:17:08,470,995,66,345,359,791,792
2015-11-15 22:17:09,473,996,66,345,359,791,792
2015-11-15 22:17:10,477,997,66,345,359,791,792
2015-11-15 22:17:11,479,998,66,344,358,791,792
2015-11-15 22:17:12,482,999,66,344,358,791,792
2015-11-15 22:17:13,486,1000,66,344,358,791,792
2015-11-15 22:17:14,489,1001,66,344,358,791,792
2015-11-15 22:17:15,492,1002,66,344,357,791,792
2015-11-15 22:17:16,492,1003,66,344,357,791,792
2015-11-15 22:17:17,498,1004,66,344,357,791,792
2015-11-15 22:17:18,502,1005,66,344,357,791,792
2015-11-15 22:17:19,505,1006,66,344,356,791,792
2015-11-15 22:17:20,508,1007,66,344,356,791,792
2015-11-15 22:17:21,511,1008,66,344,356,791,792
2015-11-15 22:17:22,514,1009,66,344,356,791,792
2015-11-15 22:17:23,519,1010,66,343,355,791,792
2015-11-15 22:17:24,521,1011,66,343,355,791,792
2015-11-15 22:17:25,523,1012,66,343,355,791,792
2015-11-15 22:17:26,526,1013,66,343,355,791,792
2015-11-15 22:17:27,529,1014,66,343,354,791,792
2015-11-15 22:17:28,534,1015,66,343,354,791,792
2015-11-15 22:17:29,535,1016,66,343,354,791,792
2015-11-15 22:17:30,539,1017,66,343,354,791,792
2015-11-15 22:17:31,540,1018,66,343,354,791,792
2015-11-15 22:17:32,545,1019,66,343,353,791,792
2015-11-15 22:17:33,550,1020,66,343,353,791,792
2015-11-15 22:17:34,556,1021,66,343,353,791,792
2015-11-15 22:17:35,562,1022,66,343,352,791,792
2015-11-15 22:17:36,564,1023,66,342,352,791,792
2015-11-15 22:17:37,569,1024,66,342,352,791,792
2015-11-15 22:17:38,572,1025,66,342,352,791,792
2015-11-15 22:17:39,576,1026,66,342,352,791,792
2015-11-15 22:17:40,580,1027,66,342,351,791,792
2015-11-15 22:17:41,580,1028,66,342,351,791,792
2015-11-15 22:17:42,582,1029,66,342,351,791,792
2015-11-15 22:17:43,585,1030,66,342,351,791,792
2015-11-15 22:17:44,587,1031,66,342,350,791,792
2015-11-15 22:17:45,593,1032,66,342,350,791,792
2015-11-15 22:17:46,599,1033,66,342,350,791,792
2015-11-15 22:17:47,605,1034,66,342,350,791,792
2015-11-15 22:17:48,611,1035,66,341,350,791,792
2015-11-15 22:17:49,612,1036,66,341,349,791,792
2015-11-15 22:17:50,617,1037,66,341,349,791,792
2015-11-15 22:17:51,620,1038,66,341,349,791,792
2015-11-15 22:17:52,623,1039,66,341,349,791,792
2015-11-15 22:17:53,624,1040,66,341,348,791,792
2015-11-15 22:17:54,629,1041,66,341,348,791,792
2015-11-15 22:17:55,631,1042,66,341,348,791,792
2015-11-15 22:17:56,635,1043,66,341,348,791,792
2015-11-15 22:17:57,640,1044,66,341,348,791,792
2015-11-15 22:17:58,641,1045,66,340,347,791,792
2015-11-15 22:17:59,644,1046,66,340,347,791,792
2015-11-15 22:18:00,649,1047,66,340,347,791,792
2015-11-15 22:18:01,650,1048,66,340,347,791,792
2015-11-15 22:18:02,656,1049,66,340,347,791,792
2015-11-15 22:18:03,657,1050,66,340,346,791,792
2015-11-15 22:18:04,660,1051,66,340,346,791,792
2015-11-15 22:18:05,663,1052,66,340,346,791,792
2015-11-15 22:18:06,665,1053,66,340,346,791,792
2015-11-15 22:18:07,669,1054,66,339,345,791,792
2015-11-15 22:18:08,672,1055,66,339,345,791,792
2015-11-15 22:18:09,674,1056,66,339,345,791,792
2015-11-15 22:18:10,677,1057,66,339,345,791,792
2015-11-15 22:18:11,678,1058,66,339,345,791,792
2015-11-15 22:18:12,679,1059,66,339,344,791,792
2015-11-15 22:18:13,681,1060,66,339,344,791,792
2015-11-15 22:18:14,686,1061,66,339,344,791,792
2015-11-15 22:18:15,690,1062,66,339,344,791,792
