date_time,ms,timer,thermocouple_index,thermocouple_temp
2015-07-29 22:36:09,149,0.0543079376221,0,352.720400
2015-07-29 22:36:09,149,0.0546641349792,1,429.257800
2015-07-29 22:36:09,149,0.0548141002655,2,860.693800
2015-07-29 22:36:09,149,0.0549609661102,3,862.605200
2015-07-29 22:36:09,917,0.822303056717,1,429.036800
2015-07-29 22:36:11,548,2.45410704613,1,428.698800
2015-07-29 22:36:11,644,2.55015802383,1,428.422000
2015-07-29 22:36:11,740,2.64593100548,1,428.189000
2015-07-29 22:36:11,804,2.70995807648,1,427.957800
2015-07-29 22:36:11,836,2.74216413498,1,427.710800
2015-07-29 22:36:11,900,2.80599498749,1,427.408200
2015-07-29 22:36:11,964,2.86992096901,1,427.106200
2015-07-29 22:36:12,028,2.93397092819,1,426.804200
2015-07-29 22:36:12,156,3.06210708618,1,426.462800
2015-07-29 22:36:12,220,3.12601113319,1,426.160800
2015-07-29 22:36:12,253,3.15826797485,1,425.933800
2015-07-29 22:36:12,316,3.22188711166,1,425.492400
2015-07-29 22:36:12,380,3.28580403328,1,425.114400
2015-07-29 22:36:12,444,3.34996390343,1,424.736800
2015-07-29 22:36:12,508,3.41382694244,1,424.510400
2015-07-29 22:36:12,573,3.47819113731,1,424.192000
2015-07-29 22:36:12,604,3.50998091698,1,423.965400
2015-07-29 22:36:12,668,3.57397699356,1,423.587400
2015-07-29 22:36:12,700,3.60590600967,1,423.361000
2015-07-29 22:36:12,732,3.63785099983,1,423.134400
2015-07-29 22:36:12,764,3.66993403435,1,422.907400
2015-07-29 22:36:12,828,3.73398208618,1,422.410800
2015-07-29 22:36:12,892,3.79783511162,1,422.032800
2015-07-29 22:36:12,924,3.82986402512,1,421.806400
2015-07-29 22:36:12,956,3.86192297935,1,421.579800
2015-07-29 22:36:12,988,3.8939769268,1,421.352800
2015-07-29 22:36:13,020,3.92584609985,1,421.126400
2015-07-29 22:36:13,052,3.95804810524,1,420.888400
2015-07-29 22:36:13,084,3.98991012573,1,420.585800
2015-07-29 22:36:13,116,4.02184391022,1,420.283800
2015-07-29 22:36:13,148,4.05393695831,1,419.981800
2015-07-29 22:36:13,180,4.08613491058,1,419.754800
2015-07-29 22:36:13,212,4.1178920269,1,419.452800
2015-07-29 22:36:13,244,4.14986300468,1,419.226400
2015-07-29 22:36:13,276,4.18183994293,1,418.812000
2015-07-29 22:36:13,308,4.2139980793,1,418.585400
2015-07-29 22:36:13,340,4.24606394768,1,418.283000
2015-07-29 22:36:13,372,4.27794313431,1,418.056400
2015-07-29 22:36:13,404,4.3099770546,1,417.830000
2015-07-29 22:36:13,436,4.34190797806,1,417.527400
2015-07-29 22:36:13,469,4.37433195114,1,417.225400
2015-07-29 22:36:13,500,4.40594291687,1,416.848000
2015-07-29 22:36:13,532,4.43800497055,1,416.588800
2015-07-29 22:36:13,564,4.46976995468,1,416.286800
2015-07-29 22:36:13,596,4.50207090378,1,415.984200
2015-07-29 22:36:13,628,4.5339589119,1,415.682200
2015-07-29 22:36:13,660,4.56580996513,1,415.380200
2015-07-29 22:36:13,692,4.5979719162,1,415.153200
2015-07-29 22:36:13,724,4.62977004051,1,414.926800
2015-07-29 22:36:13,756,4.66190195084,1,414.720800
2015-07-29 22:36:13,820,4.72587203979,1,414.267400
2015-07-29 22:36:13,852,4.7580139637,1,413.965400
2015-07-29 22:36:13,884,4.78982901573,1,413.738400
2015-07-29 22:36:13,916,4.82201910019,1,413.436400
2015-07-29 22:36:13,948,4.85378503799,1,413.134400
2015-07-29 22:36:13,980,4.88587594032,1,412.831800
2015-07-29 22:36:14,012,4.91807293892,1,412.621400
2015-07-29 22:36:14,044,4.95001602173,1,412.394800
2015-07-29 22:36:14,108,5.0138630867,1,412.016800
2015-07-29 22:36:14,172,5.07771897316,1,411.639400
2015-07-29 22:36:14,236,5.14175891876,1,411.261400
2015-07-29 22:36:14,268,5.17388796806,1,411.030400
2015-07-29 22:36:14,300,5.20582199097,1,410.804000
2015-07-29 22:36:14,332,5.2378180027,1,410.577000
2015-07-29 22:36:14,396,5.30198812485,1,410.275000
2015-07-29 22:36:14,460,5.36595392227,1,409.973000
2015-07-29 22:36:14,588,5.49385213852,1,409.658800
2015-07-29 22:36:14,684,5.58999300003,1,409.356800
2015-07-29 22:36:14,748,5.65387606621,1,409.145800
2015-07-29 22:36:14,812,5.7178800106,1,408.919400
2015-07-29 22:36:14,876,5.78180193901,1,408.692800
2015-07-29 22:36:14,972,5.87790513039,1,408.449800
2015-07-29 22:36:15,068,5.9738380909,1,408.147800
2015-07-29 22:36:15,132,6.03780412674,1,407.921400
2015-07-29 22:36:15,228,6.13406991959,1,407.618800
2015-07-29 22:36:15,356,6.26216006279,1,407.392400
2015-07-29 22:36:15,484,6.38991808891,1,407.074400
2015-07-29 22:36:15,548,6.4537460804,1,406.847400
2015-07-29 22:36:15,644,6.54992294312,1,406.620800
2015-07-29 22:36:15,772,6.67785406113,1,406.394400
2015-07-29 22:36:15,868,6.77385091782,1,406.091800
2015-07-29 22:36:15,964,6.86991810799,1,405.881400
2015-07-29 22:36:16,028,6.93370008469,1,405.654800
2015-07-29 22:36:16,156,7.06167602539,1,405.428400
2015-07-29 22:36:16,252,7.15777802467,1,405.196800
2015-07-29 22:36:16,348,7.25401902199,1,404.970200
2015-07-29 22:36:16,412,7.31770205498,0,352.488800
2015-07-29 22:36:16,476,7.38172793388,0,352.692400
2015-07-29 22:36:16,604,7.50994300842,1,404.720800
2015-07-29 22:36:16,668,7.57383108139,1,404.489400
2015-07-29 22:36:16,764,7.6698551178,1,404.187400
2015-07-29 22:36:16,924,7.82987499237,1,403.960800
2015-07-29 22:36:17,052,7.95791101456,1,403.733800
2015-07-29 22:36:17,148,8.05387210846,1,403.507400
2015-07-29 22:36:17,276,8.18172192574,1,403.280800
2015-07-29 22:36:17,468,8.37389707565,1,402.982800
2015-07-29 22:36:17,596,8.50171899796,1,402.756400
2015-07-29 22:36:17,756,8.66177797318,1,402.481800
2015-07-29 22:36:17,948,8.85368299484,1,402.140600
2015-07-29 22:36:18,076,8.98169207573,1,401.911800
2015-07-29 22:36:18,140,9.04564905167,1,401.686600
2015-07-29 22:36:18,268,9.17372012138,1,401.453800
2015-07-29 22:36:18,364,9.26979994774,1,401.221400
2015-07-29 22:36:18,460,9.36584496498,1,400.989200
2015-07-29 22:36:18,652,9.55789613724,1,400.728000
2015-07-29 22:36:18,748,9.65376591682,1,400.495800
2015-07-29 22:36:18,972,9.87792897224,1,400.247000
2015-07-29 22:36:19,100,10.0057489872,1,399.982400
2015-07-29 22:36:19,260,10.1657779217,1,399.755400
2015-07-29 22:36:19,452,10.3579359055,1,399.544800
2015-07-29 22:36:19,548,10.453674078,1,399.318400
2015-07-29 22:36:19,804,10.7098240852,1,399.047800
2015-07-29 22:36:19,900,10.8056309223,1,398.821400
2015-07-29 22:36:20,028,10.9338359833,1,398.594800
2015-07-29 22:36:20,060,10.9655530453,0,352.477400
2015-07-29 22:36:20,220,11.1258809566,1,398.335800
2015-07-29 22:36:20,348,11.2538199425,1,398.114000
2015-07-29 22:36:20,572,11.4775719643,1,397.882800
2015-07-29 22:36:20,668,11.5736069679,1,397.655800
2015-07-29 22:36:20,828,11.7338249683,1,397.413400
2015-07-29 22:36:21,084,11.989577055,1,397.191400
2015-07-29 22:36:21,212,12.1180830002,1,396.964400
2015-07-29 22:36:21,468,12.3738160133,1,396.689800
2015-07-29 22:36:21,628,12.5336489677,1,396.463400
2015-07-29 22:36:21,948,12.8535909653,1,396.208800
2015-07-29 22:36:22,236,13.1415200233,1,395.874800
2015-07-29 22:36:22,428,13.3336069584,1,395.664400
2015-07-29 22:36:22,684,13.5897080898,1,395.449400
2015-07-29 22:36:23,164,14.0697641373,1,395.178800
2015-07-29 22:36:23,548,14.4539179802,1,394.952400
2015-07-29 22:36:23,900,14.8057069778,1,394.709800
2015-07-29 22:36:24,348,15.253608942,1,394.439400
2015-07-29 22:36:24,668,15.5738430023,1,394.196800
2015-07-29 22:36:24,892,15.797631979,1,393.970400
2015-07-29 22:36:25,180,16.0854921341,1,393.620000
2015-07-29 22:36:25,532,16.4376070499,1,393.365800
2015-07-29 22:36:25,916,16.8215880394,1,393.091400
2015-07-29 22:36:25,980,16.8854720592,0,352.219000
2015-07-29 22:36:26,204,17.1095080376,0,352.449800
2015-07-29 22:36:26,652,17.5576179028,1,392.852800
2015-07-29 22:36:26,876,17.781580925,0,352.234800
2015-07-29 22:36:27,132,18.0376899242,1,392.610400
2015-07-29 22:36:27,868,18.7734639645,1,392.367800
2015-07-29 22:36:28,316,19.2216060162,1,392.156800
2015-07-29 22:36:28,796,19.7018361092,1,391.882400
2015-07-29 22:36:29,148,20.0534060001,0,352.019800
2015-07-29 22:36:29,500,20.4053909779,1,391.628400
2015-07-29 22:36:29,788,20.6937000751,0,352.223400
2015-07-29 22:36:29,948,20.8535280228,1,391.357800
2015-07-29 22:36:30,492,21.3974809647,1,391.127000
2015-07-29 22:36:30,684,21.5894069672,0,351.992400
2015-07-29 22:36:30,972,21.8775160313,1,390.916400
2015-07-29 22:36:31,484,22.3894519806,1,390.705400
2015-07-29 22:36:32,252,23.1574621201,1,390.462800
2015-07-29 22:36:33,084,23.9893510342,1,390.252400
2015-07-29 22:36:33,916,24.8216440678,0,351.781400
2015-07-29 22:36:34,620,25.5254631042,1,390.041400
2015-07-29 22:36:35,484,26.3893201351,1,389.814800
2015-07-29 22:36:36,731,27.6370580196,0,351.523000
2015-07-29 22:36:36,923,27.8290491104,0,351.785800
2015-07-29 22:36:37,084,27.9892539978,0,351.539000
2015-07-29 22:36:37,884,28.7892959118,1,389.588400
2015-07-29 22:36:39,483,30.3892290592,1,389.377800
2015-07-29 22:36:39,963,30.868997097,0,351.328400
2015-07-29 22:36:41,915,32.8209979534,0,351.117800
2015-07-29 22:36:45,371,36.2769880295,0,350.906800
2015-07-29 22:36:47,771,38.6768400669,0,350.664400
2015-07-29 22:36:49,819,40.72479105,0,350.437800
2015-07-29 22:36:51,579,42.4847319126,1,389.620400
2015-07-29 22:36:52,283,43.1888320446,0,350.226800
2015-07-29 22:36:52,763,43.6686220169,1,389.862800
2015-07-29 22:36:53,979,44.884937048,1,390.137600
2015-07-29 22:36:54,267,45.1726839542,1,389.933800
2015-07-29 22:36:54,619,45.5246169567,0,350.012000
2015-07-29 22:36:54,747,45.6527860165,1,390.165400
2015-07-29 22:36:56,187,47.092664957,1,389.949800
2015-07-29 22:36:56,731,47.636605978,1,390.160800
2015-07-29 22:36:57,403,48.3084719181,0,349.801400
2015-07-29 22:36:57,915,48.8205621243,1,390.375800
2015-07-29 22:36:59,963,50.8685519695,1,390.618400
2015-07-29 22:37:00,315,51.2206909657,0,349.575000
2015-07-29 22:37:02,171,53.0765860081,1,390.343800
2015-07-29 22:37:02,555,53.4603281021,0,349.304400
2015-07-29 22:37:02,747,53.6525020599,0,349.551600
2015-07-29 22:37:02,747,53.6532280445,1,390.575000
2015-07-29 22:37:03,226,54.1322710514,0,349.332000
2015-07-29 22:37:04,923,55.8283131123,0,349.093800
2015-07-29 22:37:05,531,56.4364879131,1,390.828800
2015-07-29 22:37:06,171,57.0764811039,0,348.879000
2015-07-29 22:37:06,394,57.3001730442,0,349.190000
2015-07-29 22:37:06,619,57.5243730545,0,348.862800
2015-07-29 22:37:07,610,58.5161819458,1,391.055800
2015-07-29 22:37:08,250,59.1561570168,1,391.298400
2015-07-29 22:37:09,307,60.2122819424,0,348.592400
2015-07-29 22:37:09,530,60.4361269474,1,391.508800
2015-07-29 22:37:10,010,60.9161410332,1,391.278000
2015-07-29 22:37:10,298,61.2042341232,1,391.492800
2015-07-29 22:37:11,482,62.3882060051,1,391.735800
2015-07-29 22:37:12,122,63.0281310081,0,348.354400
2015-07-29 22:37:13,307,64.2122869492,0,348.139400
2015-07-29 22:37:13,434,64.3400669098,0,348.343000
2015-07-29 22:37:13,882,64.7881150246,1,391.946400
2015-07-29 22:37:14,106,65.0121190548,0,348.111800
2015-07-29 22:37:16,122,67.0280709267,0,347.884800
2015-07-29 22:37:16,282,67.1880331039,1,392.156800
2015-07-29 22:37:17,434,68.340184927,1,392.367800
2015-07-29 22:37:18,810,69.716121912,0,347.642400
2015-07-29 22:37:19,738,70.6439490318,1,392.603400
2015-07-29 22:37:20,859,71.764275074,0,347.399800
2015-07-29 22:37:20,954,71.8600680828,1,392.809400
2015-07-29 22:37:21,050,71.955796957,0,347.630800
2015-07-29 22:37:21,626,72.5318961143,0,347.420600
2015-07-29 22:37:23,610,74.515887022,0,347.188800
2015-07-29 22:37:24,346,75.2521641254,1,393.052000
2015-07-29 22:37:25,338,76.2437479496,1,393.279000
2015-07-29 22:37:26,010,76.9157431126,0,346.967000
2015-07-29 22:37:27,386,78.2917559147,1,393.505600
2015-07-29 22:37:28,058,78.9635219574,0,346.756600
2015-07-29 22:37:28,890,79.7954931259,1,393.715800
2015-07-29 22:37:29,594,80.4995980263,0,346.508800
2015-07-29 22:37:29,754,80.6597650051,1,393.958600
2015-07-29 22:37:29,818,80.7235600948,0,346.740600
2015-07-29 22:37:30,138,81.0437860489,0,346.524800
2015-07-29 22:37:31,354,82.259526968,1,394.201600
2015-07-29 22:37:31,610,82.5155849457,0,346.298400
2015-07-29 22:37:32,186,83.091629982,1,394.412000
2015-07-29 22:37:33,946,84.8517949581,0,346.055800
2015-07-29 22:37:34,074,84.9794890881,1,394.622400
2015-07-29 22:37:36,378,87.2833869457,0,345.801400
2015-07-29 22:37:36,506,87.4114320278,1,394.849400
2015-07-29 22:37:38,394,89.2994539738,0,345.590800
2015-07-29 22:37:38,713,89.6192660332,1,394.606400
2015-07-29 22:37:41,082,91.9873759747,0,345.375800
2015-07-29 22:37:42,906,93.8114271164,1,394.838000
2015-07-29 22:37:43,481,94.3871431351,0,345.165400
2015-07-29 22:37:44,473,95.3790400028,1,395.108000
2015-07-29 22:37:44,761,95.6672379971,1,394.904400
2015-07-29 22:37:45,241,96.1469759941,1,395.135400
2015-07-29 22:37:45,913,96.8191580772,0,344.954400
2015-07-29 22:37:46,906,97.8114221096,1,395.345800
2015-07-29 22:37:47,993,98.8990499973,0,344.743800
2015-07-29 22:37:51,161,102.067007065,0,344.474000
2015-07-29 22:37:53,465,104.370764017,0,344.226800
2015-07-29 22:37:54,105,105.010792017,1,395.621000
2015-07-29 22:37:56,121,107.026910067,1,395.847600
2015-07-29 22:37:56,313,107.218713999,0,344.020600
2015-07-29 22:37:58,745,109.650774956,0,343.761800
2015-07-29 22:38:01,465,112.370790005,0,343.519400
2015-07-29 22:38:02,137,113.042952061,1,396.074000
2015-07-29 22:38:03,865,114.770584106,0,343.308400
2015-07-29 22:38:05,881,116.786708117,0,343.065800
2015-07-29 22:38:07,865,118.77038002,0,342.855400
2015-07-29 22:38:08,857,119.762470007,1,396.284800
2015-07-29 22:38:10,649,121.554431915,0,342.644400
2015-07-29 22:38:12,856,123.762150049,1,396.495400
2015-07-29 22:38:13,017,123.922318935,0,342.401800
2015-07-29 22:38:13,944,124.850071907,1,396.737800
2015-07-29 22:38:14,840,125.746257067,1,396.964400
2015-07-29 22:38:15,417,126.322525978,0,342.191400
2015-07-29 22:38:15,928,126.834079027,1,397.228000
2015-07-29 22:38:16,216,127.122062922,1,396.932400
2015-07-29 22:38:16,472,127.378055096,1,397.180000
2015-07-29 22:38:17,433,128.338258028,0,341.981000
2015-07-29 22:38:17,785,128.690293074,1,396.953000
2015-07-29 22:38:18,648,129.554065943,1,396.737800
2015-07-29 22:38:20,376,131.281932116,1,396.969000
2015-07-29 22:38:20,600,131.506019115,0,341.670600
2015-07-29 22:38:23,352,134.25803113,0,341.449600
2015-07-29 22:38:23,896,134.801994085,1,397.196000
2015-07-29 22:38:26,488,137.394064903,0,341.244000
2015-07-29 22:38:28,536,139.441761971,0,340.976000
2015-07-29 22:38:29,560,140.465728045,0,341.190200
2015-07-29 22:38:30,040,140.945585966,0,340.933600
2015-07-29 22:38:32,120,143.025501013,0,340.712600
2015-07-29 22:38:32,344,143.249897957,0,340.922400
2015-07-29 22:38:33,304,144.209685087,0,340.717000
2015-07-29 22:38:33,880,144.785623074,1,397.417800
2015-07-29 22:38:35,320,146.225547075,0,340.444200
2015-07-29 22:38:35,512,146.417635918,0,340.701400
2015-07-29 22:38:36,248,147.153623104,1,397.633000
2015-07-29 22:38:36,824,147.729444027,0,340.448800
2015-07-29 22:38:37,176,148.081618071,1,397.417800
2015-07-29 22:38:38,168,149.073365927,1,397.633000
2015-07-29 22:38:38,872,149.777507067,1,397.374600
2015-07-29 22:38:39,768,150.673453093,1,397.621400
2015-07-29 22:38:40,472,151.377604008,0,340.243400
2015-07-29 22:38:40,760,151.665518045,1,397.406600
2015-07-29 22:38:42,199,153.105237007,1,397.617000
2015-07-29 22:38:43,224,154.129367113,0,340.022400
2015-07-29 22:38:45,272,156.177308083,1,397.832000
2015-07-29 22:38:46,327,157.233127117,0,339.759800
2015-07-29 22:38:46,360,157.265510082,2,860.467800
2015-07-29 22:38:46,999,157.905165911,0,340.042600
2015-07-29 22:38:47,000,157.905412912,1,398.091200
2015-07-29 22:38:47,095,158.001145124,2,860.731800
2015-07-29 22:38:47,576,158.481457949,0,339.796000
2015-07-29 22:38:47,576,158.482024908,1,397.844000
2015-07-29 22:38:47,736,158.641567945,2,860.527200
2015-07-29 22:38:50,360,161.265289068,1,397.617000
2015-07-29 22:38:50,904,161.809262991,0,339.580800
2015-07-29 22:38:52,471,163.377149105,1,397.832000
2015-07-29 22:38:53,879,164.784925938,0,339.370400
2015-07-29 22:38:56,695,167.600846052,1,397.617000
2015-07-29 22:38:57,239,168.144815922,1,397.892000
2015-07-29 22:38:57,847,168.752934933,0,339.143800
2015-07-29 22:38:58,071,168.977102995,0,339.391000
2015-07-29 22:38:59,063,169.968739986,0,339.116600
2015-07-29 22:39:01,079,171.98468709,1,397.612400
2015-07-29 22:39:01,975,172.880650997,1,397.860000
2015-07-29 22:39:03,447,174.352786064,0,338.889600
2015-07-29 22:39:06,615,177.520828009,0,338.647000
2015-07-29 22:39:11,031,181.93637991,0,338.388400
2015-07-29 22:39:11,543,182.448384047,0,338.651400
2015-07-29 22:39:11,735,182.640362978,0,338.372400
2015-07-29 22:39:12,759,183.664353132,0,338.592000
2015-07-29 22:39:12,951,183.856369972,0,338.345000
2015-07-29 22:39:17,687,188.592539072,0,338.134000
2015-07-29 22:39:19,830,190.736243963,1,398.086600
2015-07-29 22:39:21,046,191.952001095,1,398.329000
2015-07-29 22:39:22,646,193.552091122,1,398.555600
2015-07-29 22:39:22,902,193.808147907,0,337.923600
2015-07-29 22:39:28,342,199.247883081,1,398.329000
2015-07-29 22:39:28,406,199.311835051,0,337.713000
2015-07-29 22:39:29,942,200.84781003,1,398.114000
2015-07-29 22:39:31,382,202.287763119,1,398.317600
2015-07-29 22:39:33,078,203.98378396,1,398.038600
2015-07-29 22:39:33,174,204.07971096,0,337.498000
2015-07-29 22:39:33,398,204.30359292,0,337.761000
2015-07-29 22:39:35,990,206.895617008,0,337.514000
2015-07-29 22:39:35,990,206.895936966,1,397.828000
2015-07-29 22:39:36,246,207.151654005,0,337.733600
2015-07-29 22:39:36,758,207.66387701,0,337.518000
2015-07-29 22:39:36,982,207.887599945,1,398.059000
2015-07-29 22:39:38,102,209.00749898,1,398.290200
2015-07-29 22:39:39,862,210.767575979,1,398.086600
2015-07-29 22:39:40,662,211.567538023,1,397.816000
2015-07-29 22:39:41,558,212.463674068,1,397.605400
2015-07-29 22:39:45,686,216.591561079,1,397.848000
2015-07-29 22:39:47,093,217.999284029,0,337.259400
2015-07-29 22:39:49,557,220.463258982,1,398.095600
2015-07-29 22:39:49,653,220.559209108,0,337.479200
2015-07-29 22:39:49,814,220.719542027,0,337.227600
2015-07-29 22:39:52,469,223.375210047,1,398.381600
2015-07-29 22:39:52,725,223.631067991,1,398.162000
2015-07-29 22:39:53,590,224.495383024,1,398.393200
2015-07-29 22:39:54,229,225.135185003,1,398.178000
2015-07-29 22:39:54,485,225.391216993,1,398.425200
2015-07-29 22:39:55,605,226.511155128,1,398.651600
2015-07-29 22:39:56,597,227.503000021,0,337.001000
2015-07-29 22:39:56,598,227.503370047,1,398.448000
2015-07-29 22:39:56,854,227.759238005,1,398.663400
2015-07-29 22:39:57,333,228.239061117,0,337.220600
2015-07-29 22:39:57,813,228.71894598,0,336.989400
2015-07-29 22:40:00,021,230.926922083,1,398.890000
2015-07-29 22:40:00,661,231.56687212,0,336.726400
2015-07-29 22:40:00,661,231.567280054,1,398.626800
2015-07-29 22:40:00,725,231.630883932,1,398.938200
2015-07-29 22:40:00,757,231.663054943,0,336.962200
2015-07-29 22:40:02,197,233.102930069,1,398.695600
2015-07-29 22:40:04,245,235.150687933,0,336.735200
2015-07-29 22:40:06,549,237.454639912,1,398.942600
2015-07-29 22:40:07,893,238.798629045,1,399.148600
2015-07-29 22:40:08,373,239.278536081,1,399.391200
2015-07-29 22:40:09,525,240.430767059,1,399.634200
2015-07-29 22:40:09,877,240.782692909,0,336.476400
2015-07-29 22:40:14,389,245.2945261,1,399.860600
2015-07-29 22:40:14,965,245.87044096,0,336.266200
2015-07-29 22:40:15,893,246.798676968,1,400.110600
2015-07-29 22:40:15,957,246.862364054,0,336.469800
2015-07-29 22:40:16,149,247.054502964,1,399.844600
2015-07-29 22:40:16,213,247.118391037,0,336.206600
2015-07-29 22:40:19,413,250.318403959,0,335.975000
2015-07-29 22:40:19,669,250.574743032,1,399.629400
2015-07-29 22:40:21,717,252.622386932,1,399.375200
2015-07-29 22:40:24,020,254.92620492,1,399.634200
2015-07-29 22:40:26,548,257.453979015,1,399.407200
2015-07-29 22:40:26,996,257.902229071,0,335.721000
2015-07-29 22:40:27,156,258.062165022,0,335.952200
2015-07-29 22:40:27,764,258.66998291,0,335.737200
2015-07-29 22:40:31,060,261.965925932,1,399.666200
2015-07-29 22:40:33,716,264.62192893,1,399.451200
2015-07-29 22:40:33,748,264.653923988,0,335.510600
2015-07-29 22:40:35,828,266.733820915,1,399.714000
2015-07-29 22:40:36,084,266.989799976,1,399.510400
2015-07-29 22:40:36,372,267.277843952,1,399.757600
2015-07-29 22:40:37,204,268.110018015,1,399.510400
2015-07-29 22:40:41,844,272.749567986,1,399.773600
2015-07-29 22:40:42,196,273.101742029,0,335.219600
2015-07-29 22:40:43,188,274.093636036,0,335.467200
2015-07-29 22:40:43,412,274.317584038,1,399.984200
2015-07-29 22:40:45,364,276.269753933,0,335.256200
2015-07-29 22:40:47,764,278.6693151,1,400.216000
2015-07-29 22:40:49,780,280.68573308,1,400.432400
2015-07-29 22:40:50,932,281.837672949,0,335.041000
2015-07-29 22:40:51,156,282.061459064,0,335.272200
2015-07-29 22:40:51,572,282.477445126,1,400.195400
2015-07-29 22:40:52,244,283.149574995,1,400.404200
2015-07-29 22:40:53,844,284.74949193,1,400.183200
2015-07-29 22:40:54,868,285.773396015,0,335.029600
2015-07-29 22:40:55,219,286.125124931,1,399.952200
2015-07-29 22:40:56,884,287.789338112,1,399.693600
2015-07-29 22:40:58,228,289.133273125,1,399.968200
2015-07-29 22:41:01,460,292.365477085,1,400.216000
2015-07-29 22:41:03,251,294.156942129,1,400.012000
2015-07-29 22:41:03,475,294.381098032,1,400.216000
2015-07-29 22:41:04,019,294.925060034,1,400.000200
2015-07-29 22:41:04,532,295.437227011,0,334.771200
2015-07-29 22:41:05,843,296.74889493,1,400.216000
2015-07-29 22:41:08,403,299.309000015,1,400.012000
2015-07-29 22:41:09,043,299.949069023,1,400.281800
2015-07-29 22:41:09,075,299.980823994,0,334.974800
2015-07-29 22:41:09,235,300.140927076,0,334.759600
2015-07-29 22:41:09,236,300.141484022,1,400.061200
2015-07-29 22:41:10,067,300.972753048,1,399.856000
2015-07-29 22:41:12,211,303.116578102,1,400.061200
2015-07-29 22:41:13,491,304.396588087,1,400.277600
2015-07-29 22:41:15,155,306.06061697,1,400.040000
2015-07-29 22:41:15,571,306.476686954,0,334.556000
2015-07-29 22:41:15,891,306.79657197,0,334.775600
2015-07-29 22:41:18,835,309.740519047,0,334.528200
2015-07-29 22:41:22,611,313.516603947,1,400.261200
2015-07-29 22:41:23,059,313.964339018,0,334.732200
2015-07-29 22:41:23,251,314.15676403,0,334.500600
2015-07-29 22:41:24,627,315.532433987,1,400.481600
2015-07-29 22:41:24,690,315.59622407,0,334.716000
2015-07-29 22:41:24,883,315.788409948,0,334.484600
2015-07-29 22:41:26,579,317.484470129,1,400.686000
2015-07-29 22:41:26,611,317.516328096,0,334.688200
2015-07-29 22:41:26,803,317.708401918,0,334.484600
2015-07-29 22:41:26,803,317.70907402,1,400.477000
2015-07-29 22:41:27,410,318.316184044,1,400.681200
2015-07-29 22:41:32,210,323.116039991,1,400.929800
2015-07-29 22:41:33,554,324.459927082,1,400.660000
2015-07-29 22:41:34,034,324.940001965,0,334.274200
2015-07-29 22:41:41,074,331.979880095,0,334.477800
2015-07-29 22:41:41,266,332.171693087,0,334.230600
2015-07-29 22:41:45,458,336.363488913,1,400.885400
2015-07-29 22:41:46,194,337.099709034,1,400.582600
2015-07-29 22:41:48,562,339.4677701,1,400.791400
2015-07-29 22:41:49,810,340.715594053,1,401.012000
2015-07-29 22:41:50,354,341.259469986,1,400.803200
2015-07-29 22:41:51,538,342.443402052,1,401.007200
2015-07-29 22:41:52,786,343.691429138,1,400.791400
2015-07-29 22:41:53,458,344.363647938,1,401.023600
2015-07-29 22:41:53,586,344.49147296,1,400.819600
2015-07-29 22:41:53,714,344.619585991,0,334.015600
2015-07-29 22:41:54,226,345.131535053,1,401.023600
2015-07-29 22:41:54,322,345.227435112,0,334.262600
2015-07-29 22:41:54,929,345.835253954,0,334.047600
2015-07-29 22:41:56,434,347.33930707,1,400.758600
2015-07-29 22:42:01,009,351.915101051,1,401.007200
2015-07-29 22:42:02,417,353.323079109,1,400.786800
2015-07-29 22:42:02,449,353.355077028,0,333.816400
2015-07-29 22:42:02,450,353.355376005,3,862.398000
2015-07-29 22:42:02,929,353.835217953,3,862.607200
2015-07-29 22:42:03,058,353.963490009,0,334.036000
2015-07-29 22:42:03,281,354.187061071,1,400.559000
2015-07-29 22:42:03,922,354.827383041,1,400.305800
2015-07-29 22:42:04,049,354.955070019,0,333.788600
2015-07-29 22:42:04,689,355.595027924,0,334.020200
2015-07-29 22:42:04,850,355.755275965,1,400.077600
2015-07-29 22:42:05,329,356.235036135,0,333.809000
2015-07-29 22:42:07,601,358.50714612,1,399.844600
2015-07-29 22:42:08,273,359.178941965,1,400.094000
2015-07-29 22:42:10,193,361.098966122,1,400.343400
2015-07-29 22:42:13,265,364.170804024,1,400.138600
2015-07-29 22:42:14,097,365.002887011,0,333.562200
2015-07-29 22:42:15,537,366.442976952,0,333.797800
2015-07-29 22:42:16,081,366.986622095,0,333.566600
2015-07-29 22:42:18,225,369.130604029,1,400.371400
2015-07-29 22:42:24,305,375.210371017,1,400.641200
2015-07-29 22:42:28,145,379.050518036,1,400.416000
2015-07-29 22:42:28,593,379.498318911,1,400.620200
2015-07-29 22:42:29,297,380.202352047,0,333.324200
2015-07-29 22:42:29,457,380.362486124,0,333.539200
2015-07-29 22:42:33,745,384.650406122,0,333.324200
2015-07-29 22:42:36,272,387.178231955,1,400.885400
2015-07-29 22:42:39,120,390.026026011,0,333.543800
2015-07-29 22:42:39,568,390.474049091,1,400.653200
2015-07-29 22:42:39,696,390.601961136,0,333.296800
2015-07-29 22:42:40,752,391.658049107,1,400.444200
2015-07-29 22:42:41,008,391.914021015,1,400.702400
2015-07-29 22:42:42,800,393.705951929,1,400.498200
2015-07-29 22:42:48,784,399.689754963,1,400.294000
2015-07-29 22:42:49,392,400.297764063,1,400.509800
2015-07-29 22:42:54,320,405.225673914,1,400.281800
2015-07-29 22:42:57,168,408.073753119,0,333.065200
2015-07-29 22:42:57,424,408.329688072,1,400.514600
2015-07-29 22:42:57,552,408.457509995,1,400.310400
2015-07-29 22:42:57,744,408.649570942,1,400.514600
2015-07-29 22:42:58,704,409.60946703,0,333.269200
2015-07-29 22:43:01,616,412.521408081,0,333.037600
2015-07-29 22:43:01,616,412.52169013,1,400.310400
2015-07-29 22:43:03,312,414.217447996,1,400.608400
2015-07-29 22:43:05,680,416.585542917,1,400.852400
2015-07-29 22:43:10,735,421.641103983,1,400.636600
2015-07-29 22:43:11,311,422.217113018,1,400.840800
2015-07-29 22:43:12,591,423.497144938,1,400.620200
2015-07-29 22:43:13,999,424.905008078,0,332.827000
2015-07-29 22:43:14,511,425.416975021,0,333.058200
2015-07-29 22:43:16,239,427.144968987,1,400.359800
2015-07-29 22:43:16,655,427.560914993,0,332.843200
2015-07-29 22:43:18,511,429.416777134,1,400.575600
2015-07-29 22:43:26,703,437.608535051,1,400.314600
2015-07-29 22:43:29,999,440.904478073,1,400.535600
2015-07-29 22:43:31,183,442.088661909,1,400.326800
2015-07-29 22:43:32,655,443.560327053,0,333.047000
2015-07-29 22:43:33,615,444.520445108,0,332.843200
2015-07-29 22:43:33,615,444.521156073,1,400.110600
2015-07-29 22:43:34,191,445.096282959,1,399.897200
2015-07-29 22:43:35,023,445.928358078,1,399.627200
2015-07-29 22:43:35,278,446.184220076,0,333.106200
2015-07-29 22:43:35,406,446.312199116,1,399.411600
2015-07-29 22:43:35,440,446.34542799,0,332.902600
2015-07-29 22:43:38,958,449.864125967,0,333.181800
2015-07-29 22:43:38,959,449.864397049,1,399.615200
2015-07-29 22:43:39,534,450.440140963,0,332.966800
2015-07-29 22:43:40,910,451.816175938,1,399.837800
2015-07-29 22:43:41,775,452.680355072,0,333.209200
2015-07-29 22:43:43,534,454.440052986,0,332.994200
2015-07-29 22:43:43,758,454.664024115,0,333.241200
2015-07-29 22:43:44,942,455.848190069,1,400.082400
2015-07-29 22:43:45,742,456.648013115,1,400.286400
2015-07-29 22:43:48,462,459.368147135,1,400.502800
2015-07-29 22:43:49,966,460.87195611,0,333.026200
2015-07-29 22:43:50,126,461.032143116,0,333.273400
2015-07-29 22:43:51,278,462.183681965,1,400.751600
2015-07-29 22:43:51,566,462.471823931,0,333.026200
2015-07-29 22:43:51,822,462.727823019,0,333.273400
2015-07-29 22:43:52,782,463.687840939,0,333.058200
2015-07-29 22:43:55,726,466.632086992,1,400.962800
2015-07-29 22:43:56,494,467.399693012,0,333.289400
2015-07-29 22:43:56,526,467.431631088,1,401.188200
2015-07-29 22:43:56,654,467.559732914,1,400.918200
2015-07-29 22:43:57,134,468.040020943,0,333.085800
2015-07-29 22:43:57,230,468.135630131,1,401.134200
2015-07-29 22:43:57,614,468.519603014,1,401.343400
2015-07-29 22:43:57,710,468.615701914,0,333.289400
2015-07-29 22:43:58,382,469.287641048,0,333.058200
2015-07-29 22:43:58,542,469.447647095,1,401.571000
2015-07-29 22:44:01,358,472.263577938,1,401.803400
2015-07-29 22:44:01,742,472.647459984,0,333.289400
2015-07-29 22:44:02,094,472.999745131,1,402.019200
2015-07-29 22:44:02,894,473.799446106,1,402.234200
2015-07-29 22:44:03,566,474.471395016,0,333.058200
2015-07-29 22:44:03,758,474.663501024,1,402.488200
2015-07-29 22:44:04,110,475.015572071,0,333.273400
2015-07-29 22:44:04,142,475.047471046,1,402.703400
2015-07-29 22:44:04,302,475.20745492,1,402.488200
2015-07-29 22:44:04,397,475.303235054,0,333.058200
2015-07-29 22:44:04,846,475.751496077,1,402.746800
2015-07-29 22:44:05,389,476.295226097,0,333.273400
2015-07-29 22:44:06,126,477.031417131,1,402.989800
2015-07-29 22:44:06,382,477.287270069,0,333.058200
2015-07-29 22:44:07,341,478.247136116,0,333.289400
2015-07-29 22:44:07,342,478.247349977,1,403.248400
2015-07-29 22:44:09,166,480.071293116,0,333.058200
2015-07-29 22:44:09,261,480.167176008,1,403.470200
2015-07-29 22:44:09,742,480.647373915,0,333.289400
2015-07-29 22:44:10,957,481.86315608,1,403.702000
2015-07-29 22:44:11,917,482.823144913,0,333.069800
2015-07-29 22:44:12,174,483.079276085,0,333.273400
2015-07-29 22:44:16,526,487.431363106,1,403.939800
2015-07-29 22:44:17,741,488.647013903,1,404.150200
2015-07-29 22:44:19,693,490.598858118,1,404.382000
2015-07-29 22:44:23,949,494.854861975,1,404.150200
2015-07-29 22:44:25,261,496.166748047,3,862.376200
2015-07-29 22:44:25,581,496.486642122,3,862.616200
2015-07-29 22:44:30,605,501.510555983,1,404.366000
2015-07-29 22:44:34,541,505.446573019,1,404.608400
2015-07-29 22:44:36,013,506.918442965,1,404.349800
2015-07-29 22:44:38,509,509.4143641,1,404.576200
2015-07-29 22:44:39,853,510.758443117,0,333.500400
2015-07-29 22:44:40,396,511.302248001,0,333.285200
2015-07-29 22:44:41,548,512.454194069,2,860.318800
2015-07-29 22:44:42,221,513.126338005,0,333.516400
2015-07-29 22:44:44,460,515.366235018,0,333.301200
2015-07-29 22:44:44,684,515.590126991,0,333.516400
2015-07-29 22:44:49,452,520.35791111,1,404.786800
2015-07-29 22:44:49,772,520.678034067,2,860.523200
2015-07-29 22:44:53,452,524.357912064,1,405.029200
2015-07-29 22:44:56,108,527.013818026,2,860.304000
2015-07-29 22:44:56,812,527.717875004,2,860.508200
2015-07-29 22:44:57,292,528.197865963,1,405.276800
2015-07-29 22:44:57,484,528.389801979,0,333.731400
2015-07-29 22:44:58,796,529.701591015,0,333.511800
2015-07-29 22:45:01,164,532.069668055,0,333.731400
2015-07-29 22:45:01,996,532.901777983,0,333.511800
2015-07-29 22:45:06,348,537.25356698,0,333.727000
2015-07-29 22:45:06,764,537.669846058,1,405.530800
2015-07-29 22:45:14,828,545.733324051,1,405.283800
2015-07-29 22:45:17,643,548.549209118,1,405.535400
2015-07-29 22:45:18,283,549.189126015,3,862.411200
2015-07-29 22:45:18,859,549.765093088,1,405.789400
2015-07-29 22:45:18,891,549.797087908,0,333.941800
2015-07-29 22:45:19,244,550.149388075,0,333.738200
2015-07-29 22:45:20,715,551.62106514,1,406.000400
2015-07-29 22:45:20,811,551.716910124,0,333.953400
2015-07-29 22:45:22,667,553.573157072,1,406.226800
2015-07-29 22:45:23,371,554.276988029,1,405.995800
2015-07-29 22:45:23,851,554.757051945,1,406.226800
2015-07-29 22:45:26,635,557.540875912,1,406.437400
2015-07-29 22:45:28,363,559.269083023,0,334.168800
2015-07-29 22:45:29,035,559.940849066,0,333.953400
2015-07-29 22:45:29,547,560.452670097,0,334.184800
2015-07-29 22:45:29,547,560.452897072,1,406.712400
2015-07-29 22:45:30,763,561.669023991,1,406.918200
2015-07-29 22:45:31,019,561.924762011,3,862.620400
2015-07-29 22:45:32,715,563.620710135,3,862.411200
2015-07-29 22:45:33,003,563.908824921,1,407.149400
2015-07-29 22:45:34,315,565.220705032,1,407.375800
2015-07-29 22:45:34,379,565.284523964,3,862.635600
2015-07-29 22:45:35,179,566.084589958,1,407.602800
2015-07-29 22:45:37,195,568.100459099,1,407.813400
2015-07-29 22:45:37,771,568.676548004,1,407.586800
2015-07-29 22:45:39,531,570.436681032,1,407.797400
2015-07-29 22:45:41,451,572.356315136,1,408.055800
2015-07-29 22:45:43,531,574.436465979,1,408.282800
2015-07-29 22:45:45,130,576.036237955,1,408.537000
2015-07-29 22:45:46,666,577.572235107,1,408.767800
2015-07-29 22:45:48,682,579.588186979,1,408.978400
2015-07-29 22:45:48,779,579.684273958,0,334.411400
2015-07-29 22:45:48,939,579.844274044,0,334.196400
2015-07-29 22:45:49,930,580.836082935,1,409.205400
2015-07-29 22:45:49,994,580.900078058,0,334.411400
2015-07-29 22:45:51,115,582.020652056,1,409.427400
2015-07-29 22:45:51,499,582.40438509,1,409.663000
2015-07-29 22:45:52,618,583.524163961,0,334.196400
2015-07-29 22:45:52,746,583.652096987,1,409.897000
2015-07-29 22:45:52,842,583.748162985,3,862.426400
2015-07-29 22:45:53,514,584.419997931,1,410.111800
2015-07-29 22:45:53,546,584.451931,0,334.411400
2015-07-29 22:45:55,018,585.923926115,0,334.196400
2015-07-29 22:45:56,458,587.363986969,1,410.322400
2015-07-29 22:45:57,098,588.003999949,0,334.459600
2015-07-29 22:45:57,418,588.324170113,0,334.239800
2015-07-29 22:45:59,178,590.083790064,0,334.470800
2015-07-29 22:45:59,402,590.307914019,1,410.048000
2015-07-29 22:46:01,098,592.00417614,3,862.635600
2015-07-29 22:46:01,738,592.643855095,0,334.256000
2015-07-29 22:46:01,739,592.644385099,1,409.805400
2015-07-29 22:46:01,930,592.835756063,1,410.036400
2015-07-29 22:46:01,994,592.899764061,0,334.486800
2015-07-29 22:46:02,250,593.155884027,1,409.821400
2015-07-29 22:46:02,570,593.475655079,0,334.256000
2015-07-29 22:46:03,146,594.051784992,0,334.470800
2015-07-29 22:46:04,682,595.587839127,1,410.079800
2015-07-29 22:46:05,418,596.32359004,3,862.411200
2015-07-29 22:46:06,730,597.635678053,1,410.322400
2015-07-29 22:46:07,914,598.81966114,1,410.549400
2015-07-29 22:46:10,666,601.571694136,1,410.759800
2015-07-29 22:46:15,050,605.955339909,1,411.002400
2015-07-29 22:46:16,074,606.979480982,0,334.686000
2015-07-29 22:46:16,554,607.459547997,0,334.482400
2015-07-29 22:46:16,810,607.715338945,1,411.212800
2015-07-29 22:46:17,130,608.035295963,0,334.729400
2015-07-29 22:46:17,770,608.675404072,0,334.498400
2015-07-29 22:46:18,250,609.155483007,1,411.455800
2015-07-29 22:46:18,506,609.411422014,0,334.734000
2015-07-29 22:46:18,506,609.411845922,3,862.624800
2015-07-29 22:46:18,634,609.539312124,1,411.719000
2015-07-29 22:46:21,866,612.77136898,1,411.956800
2015-07-29 22:46:22,985,613.891164064,1,412.183800
2015-07-29 22:46:23,145,614.051196098,3,862.365400
2015-07-29 22:46:23,209,614.115047932,1,411.975800
2015-07-29 22:46:23,401,614.307194948,1,412.243400
2015-07-29 22:46:23,817,614.723155022,3,862.620400
2015-07-29 22:46:27,049,617.955071926,1,412.485800
2015-07-29 22:46:27,145,618.050877094,0,334.972400
2015-07-29 22:46:27,305,618.211038113,0,334.740800
2015-07-29 22:46:28,329,619.235044956,0,335.004600
2015-07-29 22:46:28,553,619.459141016,0,334.740800
2015-07-29 22:46:29,161,620.066991091,1,412.755800
2015-07-29 22:46:29,673,620.578834057,0,334.944600
2015-07-29 22:46:32,873,623.779153109,1,412.481400
2015-07-29 22:46:33,097,624.002737045,1,412.744600
2015-07-29 22:46:33,545,624.450809956,1,412.525000
2015-07-29 22:46:34,985,625.890919924,1,412.728600
2015-07-29 22:46:39,721,630.62648201,1,412.497400
2015-07-29 22:46:40,329,631.234528065,1,412.712400
2015-07-29 22:46:41,929,632.834588051,0,335.166800
2015-07-29 22:46:42,473,633.378586054,0,334.952000
2015-07-29 22:46:43,497,634.402859926,0,335.182800
2015-07-29 22:46:44,073,634.978560925,0,334.936000
2015-07-29 22:46:44,297,635.202407122,0,335.150800
2015-07-29 22:46:48,265,639.170315981,1,412.923400
2015-07-29 22:46:50,312,641.218270063,1,413.149800
2015-07-29 22:46:53,673,644.578314066,1,412.934800
2015-07-29 22:46:53,897,644.802356958,1,413.165800
2015-07-29 22:46:55,208,646.114215136,1,412.950800
2015-07-29 22:46:56,456,647.362195015,3,862.415200
2015-07-29 22:46:58,504,649.409871101,1,412.648400
2015-07-29 22:46:59,496,650.402132988,1,412.880000
2015-07-29 22:46:59,528,650.434062004,0,335.366000
2015-07-29 22:46:59,720,650.625998974,0,335.150800
2015-07-29 22:46:59,721,650.626318932,1,412.664400
2015-07-29 22:47:00,648,651.553919077,1,412.923400
2015-07-29 22:47:01,672,652.578012943,1,412.707800
2015-07-29 22:47:02,633,653.538201094,1,412.912000
2015-07-29 22:47:02,664,653.569957972,0,335.398000
2015-07-29 22:47:02,952,653.857882977,0,335.166800
2015-07-29 22:47:03,976,654.881921053,1,412.707800
2015-07-29 22:47:04,744,655.649785042,0,335.393400
2015-07-29 22:47:05,544,656.449728012,1,412.955600
2015-07-29 22:47:08,648,659.553677082,1,413.182000
2015-07-29 22:47:12,200,663.105750084,1,413.424600
2015-07-29 22:47:14,024,664.92948103,0,335.608600
2015-07-29 22:47:14,216,665.121798992,1,413.651600
2015-07-29 22:47:17,960,668.865437031,3,862.624800
2015-07-29 22:47:18,152,669.057518005,1,413.360400
2015-07-29 22:47:18,664,669.569529057,1,413.587400
2015-07-29 22:47:19,528,670.433329105,0,335.819600
2015-07-29 22:47:20,328,671.233319998,1,413.813800
2015-07-29 22:47:21,640,672.545448065,1,413.603400
2015-07-29 22:47:25,927,676.833121061,3,862.415200
2015-07-29 22:47:26,279,677.185073137,0,336.078000
2015-07-29 22:47:26,376,677.281273127,1,413.818600
2015-07-29 22:47:26,887,677.793128014,1,413.614800
2015-07-29 22:47:26,920,677.825330973,0,335.874400
2015-07-29 22:47:27,144,678.049276114,1,413.829800
2015-07-29 22:47:27,463,678.369031906,0,336.110000
2015-07-29 22:47:27,527,678.43306303,1,414.077000
2015-07-29 22:47:28,327,679.233088017,1,414.282800
2015-07-29 22:47:28,711,679.617054939,1,414.498600
2015-07-29 22:47:30,503,681.409161091,1,414.250800
2015-07-29 22:47:31,143,682.048985004,1,414.466600
2015-07-29 22:47:33,543,684.448904991,0,336.315800
2015-07-29 22:47:36,072,686.977267027,1,414.255600
2015-07-29 22:47:37,863,688.768935919,1,414.466600
2015-07-29 22:47:38,311,689.216758013,0,336.547600
2015-07-29 22:47:38,759,689.664897919,1,414.752400
2015-07-29 22:47:40,487,691.392868996,1,414.542000
2015-07-29 22:47:43,111,694.016742945,1,414.811800
2015-07-29 22:47:43,879,694.785000086,1,415.027000
2015-07-29 22:47:43,975,694.880718946,0,336.758000
2015-07-29 22:47:47,975,698.880705118,1,415.270000
2015-07-29 22:47:48,583,699.488518,1,415.043000
2015-07-29 22:47:49,287,700.1924541,1,414.784600
2015-07-29 22:47:49,703,700.608524084,1,414.569400
2015-07-29 22:47:50,023,700.928359032,0,337.000600
2015-07-29 22:47:50,151,701.056553125,0,336.785400
2015-07-29 22:47:50,791,701.696460962,0,337.000600
2015-07-29 22:47:52,135,703.040313959,1,414.363000
2015-07-29 22:47:52,934,703.840197086,1,414.131800
2015-07-29 22:47:53,478,704.384248018,1,414.347000
2015-07-29 22:47:54,119,705.024696112,3,862.644000
2015-07-29 22:47:54,759,705.664478064,3,862.419400
2015-07-29 22:47:55,623,706.528356075,1,414.585400
2015-07-29 22:47:57,190,708.096231937,1,414.789000
2015-07-29 22:47:57,670,708.576209068,0,337.291000
2015-07-29 22:47:58,630,709.536091089,0,337.028000
2015-07-29 22:47:58,726,709.632237911,1,415.043000
2015-07-29 22:47:59,526,710.432231903,1,415.286000
2015-07-29 22:47:59,590,710.496150017,0,337.243000
2015-07-29 22:48:00,391,711.296298981,1,415.556000
2015-07-29 22:48:01,191,712.09634304,1,415.830400
2015-07-29 22:48:02,086,712.992053032,3,862.628800
2015-07-29 22:48:02,758,713.66395998,2,860.301200
2015-07-29 22:48:02,759,713.664300919,3,862.419400
2015-07-29 22:48:03,239,714.144319057,1,416.085000
2015-07-29 22:48:04,326,715.231946945,1,416.359400
2015-07-29 22:48:06,086,716.992160082,1,416.597600
2015-07-29 22:48:06,886,717.791916132,1,416.824600
2015-07-29 22:48:07,942,718.848016024,1,417.083000
2015-07-29 22:48:12,422,723.328081131,1,417.293600
2015-07-29 22:48:12,454,723.359856129,0,337.502000
2015-07-29 22:48:12,742,723.647778988,0,337.255000
2015-07-29 22:48:14,054,724.95984292,1,417.520600
2015-07-29 22:48:16,102,727.007786036,0,337.470000
2015-07-29 22:48:16,454,727.35949111,1,417.735400
2015-07-29 22:48:16,838,727.743708134,2,860.506200
2015-07-29 22:48:18,566,729.471638918,2,860.301200
2015-07-29 22:48:20,806,731.711591959,1,417.946000
2015-07-29 22:48:20,966,731.87143302,2,860.521000
2015-07-29 22:48:21,446,732.351761103,1,417.698800
2015-07-29 22:48:24,422,735.327395916,1,417.914000
2015-07-29 22:48:25,990,736.895432949,1,418.172400
2015-07-29 22:48:27,270,738.175307035,1,418.383600
2015-07-29 22:48:29,189,740.095235109,2,860.301200
2015-07-29 22:48:31,270,742.175825119,0,337.696600
2015-07-29 22:48:31,845,742.751233101,1,418.145200
2015-07-29 22:48:33,605,744.510982037,1,418.399400
2015-07-29 22:48:34,886,745.791285992,1,418.626000
2015-07-29 22:48:36,229,747.135153055,1,418.411000
2015-07-29 22:48:36,773,747.678976059,1,418.653600
2015-07-29 22:48:39,141,750.04697299,1,418.884400
2015-07-29 22:48:42,469,753.374840021,1,419.155000
2015-07-29 22:48:43,237,754.142847061,0,337.939000
2015-07-29 22:48:45,253,756.158746004,1,419.397400
2015-07-29 22:48:46,341,757.246560097,1,419.640000
2015-07-29 22:48:47,589,758.494547129,1,419.878600
2015-07-29 22:48:48,453,759.358715057,1,420.121000
2015-07-29 22:48:49,701,760.606596947,0,338.150000
2015-07-29 22:48:51,269,762.174695015,1,420.363400
2015-07-29 22:48:51,493,762.398576021,0,337.946400
2015-07-29 22:48:51,493,762.398941994,1,420.068400
2015-07-29 22:48:51,749,762.65486598,0,338.166000
2015-07-29 22:48:51,750,762.655488968,1,420.288000
2015-07-29 22:48:55,237,766.142390966,1,420.530400
2015-07-29 22:48:55,813,766.718487978,1,420.304000
2015-07-29 22:48:58,053,768.958466053,1,420.562600
2015-07-29 22:48:58,085,768.990277052,0,338.440600
2015-07-29 22:48:58,981,769.886312962,0,338.225600
2015-07-29 22:48:59,397,770.302520037,1,420.331600
2015-07-29 22:49:00,036,770.942193031,1,420.546400
2015-07-29 22:49:00,964,771.870232105,1,420.272000
2015-07-29 22:49:04,068,774.974174023,0,338.436000
2015-07-29 22:49:07,045,777.950263977,1,420.061400
2015-07-29 22:49:07,588,778.493917942,1,420.308600
2015-07-29 22:49:09,220,780.125869989,1,420.514400
2015-07-29 22:49:12,132,783.038126945,0,338.655600
2015-07-29 22:49:13,028,783.933766127,0,338.436000
2015-07-29 22:49:13,668,784.573971987,1,420.725400
2015-07-29 22:49:14,532,785.437721968,1,421.048200
2015-07-29 22:49:15,620,786.525943041,0,338.651000
2015-07-29 22:49:19,268,790.173897028,1,421.254000
2015-07-29 22:49:19,780,790.685698032,1,420.979600
2015-07-29 22:49:21,444,792.349631071,1,420.773400
2015-07-29 22:49:22,052,792.957720041,0,338.862000
2015-07-29 22:49:23,204,794.109637976,1,421.016200
2015-07-29 22:49:24,228,795.133597136,1,420.785000
2015-07-29 22:49:26,500,797.405447006,0,339.077200
2015-07-29 22:49:26,980,797.88550806,1,420.562600
2015-07-29 22:49:27,140,798.045351982,0,338.846000
2015-07-29 22:49:29,284,800.189620972,0,339.088400
2015-07-29 22:49:29,572,800.477566004,1,420.789600
2015-07-29 22:49:30,788,801.693655968,1,421.016200
2015-07-29 22:49:31,556,802.461560011,1,421.254000
2015-07-29 22:49:31,940,802.845364094,1,421.469600
2015-07-29 22:49:32,803,803.70926404,1,421.739400
2015-07-29 22:49:34,436,805.341462135,1,422.014200
2015-07-29 22:49:36,356,807.261620998,1,422.241200
2015-07-29 22:49:36,836,807.741457939,0,339.335600
2015-07-29 22:49:37,251,808.157212973,1,422.495000
2015-07-29 22:49:38,755,809.660979986,1,422.753600
2015-07-29 22:49:39,651,810.55713892,1,423.012600
2015-07-29 22:49:42,436,813.341372013,1,423.223200
2015-07-29 22:49:44,195,815.10094595,1,422.992000
2015-07-29 22:49:44,483,815.389096975,1,423.211600
2015-07-29 22:49:44,515,815.421021938,0,339.578200
2015-07-29 22:49:44,611,815.516937971,1,422.948400
2015-07-29 22:49:44,707,815.612978935,0,339.315000
2015-07-29 22:49:45,443,816.34893012,1,422.689600
2015-07-29 22:49:46,051,816.95690608,0,339.530200
2015-07-29 22:49:48,739,819.644796133,1,422.479000
2015-07-29 22:49:50,436,821.341239929,1,422.774200
2015-07-29 22:49:51,651,822.556621075,1,422.996600
2015-07-29 22:49:52,611,823.516720057,1,423.207200
2015-07-29 22:49:52,931,823.836674929,1,423.449600
2015-07-29 22:49:53,667,824.572742939,1,423.676200
2015-07-29 22:49:54,403,825.308665037,1,423.951200
2015-07-29 22:49:54,915,825.820706129,1,424.189200
2015-07-29 22:49:55,043,825.948493004,1,423.974000
2015-07-29 22:49:57,059,827.964651108,1,423.752200
2015-07-29 22:49:57,731,828.636420012,0,339.741200
2015-07-29 22:49:59,427,830.332644939,3,862.622200
2015-07-29 22:50:00,131,831.036380053,3,862.413000
2015-07-29 22:50:01,091,831.996599913,0,339.525400
2015-07-29 22:50:01,092,831.997352123,1,423.536400
2015-07-29 22:50:01,699,832.604466915,0,339.741200
2015-07-29 22:50:02,051,832.956511021,1,423.800200
2015-07-29 22:50:02,787,833.69275403,1,424.054200
2015-07-29 22:50:03,267,834.172408104,1,424.356200
2015-07-29 22:50:03,747,834.652316093,1,424.599200
2015-07-29 22:50:03,875,834.780436039,0,339.525400
2015-07-29 22:50:04,131,835.036350965,0,339.741200
2015-07-29 22:50:04,835,835.740334988,1,424.825600
2015-07-29 22:50:06,307,837.212427139,0,339.525400
2015-07-29 22:50:06,434,837.340228081,0,339.729200
2015-07-29 22:50:06,435,837.340636969,1,425.100200
2015-07-29 22:50:08,035,838.940315008,1,425.306400
2015-07-29 22:50:09,858,840.764019012,1,425.553600
2015-07-29 22:50:10,498,841.404021025,1,425.791600
2015-07-29 22:50:16,066,846.971843004,1,426.006600
2015-07-29 22:50:19,778,850.683725119,0,339.972200
2015-07-29 22:50:21,506,852.411898136,0,339.752400
2015-07-29 22:50:21,698,852.603735924,0,340.015200
2015-07-29 22:50:21,698,852.604187012,1,426.217600
2015-07-29 22:50:21,954,852.860110044,0,339.752400
2015-07-29 22:50:22,466,853.371876001,0,339.999600
2015-07-29 22:50:22,914,853.819708109,1,426.428200
2015-07-29 22:50:25,570,856.475502968,1,426.197000
2015-07-29 22:50:26,562,857.467637062,0,340.209400
2015-07-29 22:50:26,658,857.56381011,1,425.963000
2015-07-29 22:50:26,882,857.787666082,1,425.732200
2015-07-29 22:50:27,010,857.915676117,1,425.505600
2015-07-29 22:50:27,266,858.171746969,1,425.295200
2015-07-29 22:50:27,426,858.331960917,1,425.068200
2015-07-29 22:50:27,554,858.459960938,1,424.841600
2015-07-29 22:50:27,810,858.7155931,1,424.615200
2015-07-29 22:50:27,938,858.843581915,1,424.388200
2015-07-29 22:50:28,194,859.099750996,1,424.177600
2015-07-29 22:50:28,290,859.195663929,1,423.951200
2015-07-29 22:50:28,546,859.45157814,1,423.676200
2015-07-29 22:50:28,674,859.579457045,1,423.449600
2015-07-29 22:50:28,898,859.803368092,1,423.223200
2015-07-29 22:50:29,058,859.963521004,1,422.984600
2015-07-29 22:50:29,218,860.123553991,1,422.769600
2015-07-29 22:50:29,410,860.31539011,1,422.543200
2015-07-29 22:50:29,730,860.635656118,1,422.328000
2015-07-29 22:50:30,274,861.179542065,1,422.121600
2015-07-29 22:50:31,330,862.235605955,0,340.430400
2015-07-29 22:50:31,778,862.683617115,1,421.895200
2015-07-29 22:50:31,906,862.811559916,1,421.684600
2015-07-29 22:50:32,194,863.099592924,1,421.442200
2015-07-29 22:50:32,322,863.227503061,1,421.215200
2015-07-29 22:50:32,546,863.451730013,1,420.956600
2015-07-29 22:50:32,642,863.547472,1,420.746200
2015-07-29 22:50:32,834,863.739434004,1,420.519200
2015-07-29 22:50:32,930,863.835370064,1,420.288000
2015-07-29 22:50:33,058,863.963468075,1,419.986000
2015-07-29 22:50:33,314,864.219638109,1,419.779600
2015-07-29 22:50:33,410,864.315340996,1,419.505200
2015-07-29 22:50:33,506,864.411813021,1,419.278600
2015-07-29 22:50:33,634,864.539638042,1,419.019400
2015-07-29 22:50:33,762,864.667418957,1,418.793000
2015-07-29 22:50:33,890,864.795397997,1,418.539200
2015-07-29 22:50:34,018,864.923538923,1,418.312200
2015-07-29 22:50:34,146,865.05133605,1,418.053400
2015-07-29 22:50:34,210,865.115396976,1,417.827000
2015-07-29 22:50:34,274,865.179363012,1,417.600400
2015-07-29 22:50:34,466,865.371299982,1,417.334600
2015-07-29 22:50:34,562,865.467332125,1,416.952600
2015-07-29 22:50:34,626,865.531304121,1,416.725600
2015-07-29 22:50:34,721,865.627219915,1,416.499200
2015-07-29 22:50:34,818,865.723328114,1,416.288600
2015-07-29 22:50:34,914,865.819523096,1,416.061600
2015-07-29 22:50:34,978,865.883315086,1,415.835200
2015-07-29 22:50:35,042,865.947397947,1,415.624600
2015-07-29 22:50:35,138,866.043342113,1,415.398200
2015-07-29 22:50:35,233,866.139269114,1,415.171200
2015-07-29 22:50:35,330,866.235467911,1,414.917200
2015-07-29 22:50:35,394,866.299406052,1,414.690600
2015-07-29 22:50:35,457,866.363227129,1,414.463600
2015-07-29 22:50:35,554,866.459285021,1,414.193800
2015-07-29 22:50:35,682,866.58732605,1,413.967200
2015-07-29 22:50:35,746,866.651394129,1,413.740200
2015-07-29 22:50:35,810,866.715295076,1,413.465600
2015-07-29 22:50:35,873,866.779228926,1,413.239200
2015-07-29 22:50:35,970,866.875401974,1,413.012200
2015-07-29 22:50:36,098,867.003292084,1,412.753600
2015-07-29 22:50:36,161,867.06725502,1,412.527200
2015-07-29 22:50:36,226,867.131298065,1,412.224600
2015-07-29 22:50:36,290,867.195318937,1,411.998200
2015-07-29 22:50:36,386,867.291687012,1,411.771600
2015-07-29 22:50:36,514,867.419250965,1,411.441600
2015-07-29 22:50:36,577,867.483222008,1,411.215200
2015-07-29 22:50:36,641,867.547214031,1,410.988600
2015-07-29 22:50:36,738,867.643347025,1,410.633400
2015-07-29 22:50:36,834,867.739538908,1,410.407000
2015-07-29 22:50:36,897,867.803198099,1,410.180400
2015-07-29 22:50:36,962,867.867660046,1,409.954000
2015-07-29 22:50:37,058,867.963421106,1,409.720000
2015-07-29 22:50:37,122,868.027300119,1,409.493600
2015-07-29 22:50:37,218,868.123357058,1,409.170600
2015-07-29 22:50:37,313,868.21922493,1,408.868600
2015-07-29 22:50:37,377,868.283201933,1,408.642200
2015-07-29 22:50:37,441,868.347280979,1,408.415200
2015-07-29 22:50:37,570,868.475466967,1,408.177200
2015-07-29 22:50:37,666,868.571418047,1,407.950600
2015-07-29 22:50:37,762,868.667268991,1,407.632200
2015-07-29 22:50:37,826,868.731642008,1,407.405600
2015-07-29 22:50:37,889,868.795238018,1,407.179200
2015-07-29 22:50:38,017,868.923219919,1,406.924600
2015-07-29 22:50:38,113,869.01919508,0,340.651800
2015-07-29 22:50:38,114,869.019757032,1,406.698000
2015-07-29 22:50:38,177,869.083152056,1,406.471600
2015-07-29 22:50:38,210,869.115293026,1,406.256600
2015-07-29 22:50:38,274,869.179290056,1,406.029600
2015-07-29 22:50:38,306,869.211504936,0,340.441600
2015-07-29 22:50:38,434,869.339285135,0,340.651800
2015-07-29 22:50:38,466,869.37136507,1,405.791600
2015-07-29 22:50:38,625,869.53126502,1,405.565000
2015-07-29 22:50:39,586,870.491400957,1,405.775600
2015-07-29 22:50:39,970,870.875457048,1,405.986200
2015-07-29 22:50:40,225,871.131158113,1,406.213200
2015-07-29 22:50:40,450,871.355273008,1,406.423600
2015-07-29 22:50:40,706,871.611779928,1,406.682200
2015-07-29 22:50:40,833,871.739234924,1,406.908600
2015-07-29 22:50:41,122,872.02739501,1,407.179200
2015-07-29 22:50:41,250,872.155339003,1,407.405600
2015-07-29 22:50:41,473,872.379111052,1,407.632200
2015-07-29 22:50:41,569,872.475116968,1,407.859200
2015-07-29 22:50:41,665,872.571048975,1,408.117600
2015-07-29 22:50:41,889,872.79519105,1,408.371600
2015-07-29 22:50:41,985,872.89112401,1,408.598600
2015-07-29 22:50:42,049,872.955143929,1,408.825200
2015-07-29 22:50:42,241,873.147164106,1,409.095200
2015-07-29 22:50:42,305,873.211089134,1,409.358800
2015-07-29 22:50:42,401,873.307176113,1,409.660800
2015-07-29 22:50:42,529,873.435135126,1,409.887200
2015-07-29 22:50:42,690,873.595386982,1,410.098000
2015-07-29 22:50:42,817,873.723244905,1,410.304200
2015-07-29 22:50:42,945,873.851108074,1,410.530600
2015-07-29 22:50:43,137,874.043081045,1,410.805600
2015-07-29 22:50:43,234,874.139286041,1,411.032200
2015-07-29 22:50:43,425,874.331135035,1,411.306600
2015-07-29 22:50:43,553,874.459115028,1,411.565200
2015-07-29 22:50:43,682,874.587346077,1,411.792200
2015-07-29 22:50:43,937,874.843179941,1,412.046200
2015-07-29 22:50:44,065,874.971031904,1,412.300600
2015-07-29 22:50:44,321,875.226999044,1,412.570600
2015-07-29 22:50:44,418,875.323282003,1,412.872600
2015-07-29 22:50:44,609,875.514977932,1,413.147600
2015-07-29 22:50:44,769,875.675014973,1,413.358200
2015-07-29 22:50:44,897,875.803173065,1,413.584600
2015-07-29 22:50:45,121,876.02698493,1,413.827600
2015-07-29 22:50:45,217,876.123188019,1,414.086200
2015-07-29 22:50:45,313,876.219099998,1,414.312600
2015-07-29 22:50:45,569,876.47510314,1,414.551200
2015-07-29 22:50:45,665,876.571155071,1,414.777600
2015-07-29 22:50:45,889,876.795126915,1,415.004200
2015-07-29 22:50:46,017,876.923131943,1,415.338200
2015-07-29 22:50:46,369,877.275063038,1,415.576600
2015-07-29 22:50:46,466,877.371361971,1,415.791600
2015-07-29 22:50:46,721,877.627130032,1,416.034200
2015-07-29 22:50:46,817,877.723032951,1,416.261200
2015-07-29 22:50:47,073,877.979192019,1,416.531200
2015-07-29 22:50:47,170,878.075246096,1,416.757600
2015-07-29 22:50:47,297,878.202991962,1,416.984600
2015-07-29 22:50:47,489,878.39508009,1,417.195200
2015-07-29 22:50:47,585,878.490864038,1,417.421600
2015-07-29 22:50:47,713,878.61904192,1,417.632600
2015-07-29 22:50:47,906,878.811262131,1,417.907200
2015-07-29 22:50:48,034,878.939291954,1,418.133600
2015-07-29 22:50:48,129,879.034928083,0,340.888600
2015-07-29 22:50:48,161,879.067043066,1,418.348800
2015-07-29 22:50:48,417,879.322930098,1,418.571200
2015-07-29 22:50:48,673,879.579072952,1,418.829600
2015-07-29 22:50:48,802,879.707196951,1,419.056200
2015-07-29 22:50:49,089,879.994945049,1,419.267200
2015-07-29 22:50:49,217,880.122802973,1,419.525600
2015-07-29 22:50:49,537,880.442874908,1,419.795600
2015-07-29 22:50:49,825,880.730905056,1,420.038600
2015-07-29 22:50:50,049,880.95501399,1,420.265200
2015-07-29 22:50:50,402,881.307168961,1,420.503200
2015-07-29 22:50:50,657,881.562896013,1,420.766800
2015-07-29 22:50:51,041,881.946789026,1,421.020600
2015-07-29 22:50:51,169,882.074966908,1,421.247200
2015-07-29 22:50:51,425,882.33110404,1,421.474200
2015-07-29 22:50:51,649,882.554755926,1,421.744200
2015-07-29 22:50:51,905,882.81091404,1,422.018600
2015-07-29 22:50:52,065,882.970696926,1,422.289200
2015-07-29 22:50:52,385,883.290889025,1,422.563600
2015-07-29 22:50:52,737,883.643168926,1,422.806200
2015-07-29 22:50:53,217,884.122795105,1,423.012600
2015-07-29 22:50:53,537,884.442834139,1,423.287200
2015-07-29 22:50:53,889,884.795041084,1,423.525200
2015-07-29 22:50:54,049,884.954761028,1,423.784200
2015-07-29 22:50:54,337,885.242731094,1,423.994600
2015-07-29 22:50:54,433,885.338989019,1,424.241800
2015-07-29 22:50:54,497,885.402632952,0,341.109600
2015-07-29 22:50:54,689,885.59484005,0,340.837200
2015-07-29 22:50:54,817,885.722631931,1,424.491600
2015-07-29 22:50:55,137,886.04271698,1,424.722600
2015-07-29 22:50:55,265,886.170918941,0,341.078200
2015-07-29 22:50:55,393,886.298855066,1,424.965200
2015-07-29 22:50:55,489,886.394891024,0,340.852800
2015-07-29 22:50:55,649,886.55480504,0,341.078200
2015-07-29 22:50:55,649,886.555201054,1,425.191600
2015-07-29 22:50:56,065,886.970848083,1,425.418600
2015-07-29 22:50:56,385,887.290838957,1,425.693200
2015-07-29 22:50:56,865,887.770750999,1,425.899200
2015-07-29 22:50:57,121,888.026793957,1,426.114600
2015-07-29 22:50:57,569,888.474636078,1,426.357200
2015-07-29 22:50:57,953,888.858864069,1,426.583800
2015-07-29 22:50:58,401,889.306723118,1,426.826200
2015-07-29 22:50:58,945,889.850858927,1,427.048600
2015-07-29 22:50:59,233,890.138731956,1,427.275200
2015-07-29 22:50:59,745,890.650661945,1,427.533600
2015-07-29 22:51:00,129,891.034670115,1,427.792800
2015-07-29 22:51:00,609,891.514480114,1,428.064200
2015-07-29 22:51:00,801,891.706545115,1,428.296600
2015-07-29 22:51:01,185,892.090428114,1,428.541200
2015-07-29 22:51:01,537,892.442498922,1,428.806200
2015-07-29 22:51:01,729,892.634639025,0,341.284000
2015-07-29 22:51:01,825,892.730849028,1,429.055000
2015-07-29 22:51:02,017,892.922677994,1,429.287800
2015-07-29 22:51:02,369,893.27454114,1,429.553000
2015-07-29 22:51:02,817,893.722615957,1,429.813400
2015-07-29 22:51:03,169,894.07434392,1,430.017600
2015-07-29 22:51:03,617,894.522539139,1,430.287600
2015-07-29 22:51:04,033,894.938647032,1,430.546000
2015-07-29 22:51:04,704,895.610285997,1,430.773000
2015-07-29 22:51:05,345,896.250538111,1,430.983600
2015-07-29 22:51:05,888,896.794253111,1,431.189600
2015-07-29 22:51:06,081,896.986432076,1,431.420600
2015-07-29 22:51:06,401,897.306464911,1,431.631600
2015-07-29 22:51:06,817,897.722499132,1,431.965600
2015-07-29 22:51:07,105,898.010415077,0,341.494000
2015-07-29 22:51:07,233,898.138520002,1,432.240200
2015-07-29 22:51:08,033,898.93845892,1,432.494600
2015-07-29 22:51:08,353,899.258402109,1,432.709800
2015-07-29 22:51:08,993,899.898698092,1,432.979800
2015-07-29 22:51:09,185,900.090289116,1,433.206800
2015-07-29 22:51:09,601,900.50644803,1,433.460600
2015-07-29 22:51:10,209,901.114354134,1,433.719000
2015-07-29 22:51:10,401,901.306622982,1,433.946000
2015-07-29 22:51:10,817,901.722315073,0,341.699400
2015-07-29 22:51:11,168,902.074263096,1,434.172600
2015-07-29 22:51:15,904,906.810086012,1,434.410600
2015-07-29 22:51:16,737,907.642280102,1,434.626000
2015-07-29 22:51:17,952,908.858155012,0,341.920200
2015-07-29 22:51:18,016,908.921953917,1,434.868800
2015-07-29 22:51:19,136,910.041970015,1,435.138600
2015-07-29 22:51:19,648,910.554105043,1,435.370200
2015-07-29 22:51:20,864,911.769849062,1,435.612800
2015-07-29 22:51:21,472,912.378170013,1,435.866800
2015-07-29 22:51:22,272,913.17800808,1,436.089200
2015-07-29 22:51:22,400,913.305905104,1,436.304200
2015-07-29 22:51:23,168,914.073810101,1,436.558200
2015-07-29 22:51:24,385,915.290314913,0,342.161200
2015-07-29 22:51:24,385,915.290977001,1,436.773200
2015-07-29 22:51:25,216,916.121855974,1,437.043600
2015-07-29 22:51:25,632,916.53789711,1,437.286200
2015-07-29 22:51:26,016,916.92185092,1,437.496600
2015-07-29 22:51:26,720,917.625874043,1,437.707600
2015-07-29 22:51:28,864,919.769784927,1,437.922800
2015-07-29 22:51:30,080,920.985695124,1,438.133200
2015-07-29 22:51:31,232,922.137692928,0,342.387800
2015-07-29 22:51:31,968,922.873635054,1,438.359800
2015-07-29 22:51:32,800,923.705636978,1,438.582200
2015-07-29 22:51:33,248,924.153476954,1,438.813200
2015-07-29 22:51:34,016,924.921843052,1,439.083000
2015-07-29 22:51:34,752,925.657628059,1,439.358200
2015-07-29 22:51:35,680,926.585401058,1,439.580200
2015-07-29 22:51:36,896,927.801666021,0,342.602800
2015-07-29 22:51:37,120,928.025402069,0,342.307600
2015-07-29 22:51:37,344,928.249854088,0,342.538800
2015-07-29 22:51:37,824,928.729340076,1,439.369600
2015-07-29 22:51:38,976,929.881395102,1,439.127200
2015-07-29 22:51:41,632,932.537396908,1,439.358200
2015-07-29 22:51:42,720,933.625396967,1,439.584800
2015-07-29 22:51:44,159,935.065112114,1,439.838600
2015-07-29 22:51:45,248,936.15339613,1,440.097800
2015-07-29 22:51:46,143,937.049199104,0,342.753800
2015-07-29 22:51:46,336,937.241363049,0,342.458600
2015-07-29 22:51:46,560,937.465347052,0,342.689800
2015-07-29 22:51:47,999,938.90508604,1,440.372200
2015-07-29 22:51:48,895,939.801182032,1,440.594000
2015-07-29 22:51:49,727,940.633152962,1,440.841800
2015-07-29 22:51:49,951,940.85709095,1,440.610200
2015-07-29 22:51:50,463,941.368973017,1,440.837200
2015-07-29 22:51:51,775,942.680999041,1,441.047600
2015-07-29 22:51:53,727,944.633054018,1,441.294800
2015-07-29 22:51:54,624,945.529294968,1,441.091200
2015-07-29 22:51:56,575,947.480844975,0,342.905200
2015-07-29 22:51:56,767,947.672922134,0,342.689800
2015-07-29 22:51:58,943,949.848885059,0,342.905200
2015-07-29 22:51:58,944,949.849426031,1,441.294800
2015-07-29 22:51:59,999,950.904659033,0,342.657600
2015-07-29 22:52:00,223,951.129121065,0,342.916800
2015-07-29 22:52:04,511,955.416624069,0,342.701200
2015-07-29 22:52:04,511,955.417179108,1,441.015600
2015-07-29 22:52:05,023,955.928652048,0,342.964800
2015-07-29 22:52:05,055,955.960680962,1,441.278800
2015-07-29 22:52:06,143,957.048504114,1,441.521800
2015-07-29 22:52:06,431,957.336815119,0,342.749200
2015-07-29 22:52:07,423,958.328412056,0,342.964800
2015-07-29 22:52:09,567,960.472665071,1,441.306200
2015-07-29 22:52:12,190,963.096274137,1,441.581200
2015-07-29 22:52:12,991,963.89637208,1,441.796400
2015-07-29 22:52:14,462,965.368221998,1,442.034200
2015-07-29 22:52:15,807,966.712270975,1,442.261200
2015-07-29 22:52:17,854,968.760126114,0,343.180000
2015-07-29 22:52:17,855,968.760628939,1,442.627400
2015-07-29 22:52:18,111,969.016410112,1,442.396200
2015-07-29 22:52:18,174,969.08021903,0,342.948800
2015-07-29 22:52:19,326,970.232202053,1,442.169200
2015-07-29 22:52:19,519,970.424360991,0,343.175200
2015-07-29 22:52:22,430,973.336221933,1,441.910800
2015-07-29 22:52:24,350,975.256151915,1,442.141800
2015-07-29 22:52:26,366,977.271765947,1,442.384800
2015-07-29 22:52:26,879,977.784268141,1,442.153200
2015-07-29 22:52:28,030,978.935980082,1,442.384800
2015-07-29 22:52:30,366,981.271924973,1,442.611200
2015-07-29 22:52:31,966,982.871699095,1,442.854000
2015-07-29 22:52:33,246,984.151858091,1,443.108200
2015-07-29 22:52:34,782,985.687839031,1,443.334800
2015-07-29 22:52:35,550,986.455686092,0,343.378800
2015-07-29 22:52:35,550,986.455969095,1,443.581800
2015-07-29 22:52:36,190,987.095686913,1,443.314000
2015-07-29 22:52:36,222,987.127656937,0,343.111000
2015-07-29 22:52:36,414,987.319834948,1,443.545200
2015-07-29 22:52:36,446,987.351645947,0,343.342200
2015-07-29 22:52:37,214,988.119432926,1,443.771800
2015-07-29 22:52:37,726,988.631768942,1,443.987400
2015-07-29 22:52:39,422,990.327386141,1,443.771800
2015-07-29 22:52:39,902,990.80779314,1,443.545200
2015-07-29 22:52:41,758,992.663366079,1,443.270800
2015-07-29 22:52:42,270,993.175467968,1,443.044200
2015-07-29 22:52:42,878,993.783307076,1,443.302800
2015-07-29 22:52:44,446,995.351366997,1,443.513200
2015-07-29 22:52:45,342,996.247318983,1,443.776400
2015-07-29 22:52:45,822,996.727323055,1,443.572800
2015-07-29 22:52:46,046,996.951647043,1,443.803800
2015-07-29 22:52:46,941,997.847223043,1,444.046800
2015-07-29 22:52:48,925,999.831231117,1,444.305400
2015-07-29 22:52:49,469,1000.37519693,1,444.058200
2015-07-29 22:52:52,958,1003.86328506,1,444.273200
2015-07-29 22:52:54,045,1004.95118093,1,444.516000
2015-07-29 22:52:57,821,1008.72704196,0,343.573400
2015-07-29 22:52:58,813,1009.71893191,0,343.369800
2015-07-29 22:52:59,069,1009.97499895,0,343.573400
2015-07-29 22:52:59,069,1009.97525811,1,444.759000
2015-07-29 22:53:00,893,1011.79878998,1,445.001400
2015-07-29 22:53:01,469,1012.37489104,1,445.223200
2015-07-29 22:53:02,237,1013.14279795,1,445.546400
2015-07-29 22:53:03,357,1014.26283312,1,445.768200
2015-07-29 22:53:04,893,1015.79869103,1,445.557800
2015-07-29 22:53:06,205,1017.11081195,1,445.772800
2015-07-29 22:53:06,941,1017.84679508,1,445.983400
2015-07-29 22:53:09,501,1020.40678596,1,446.189600
2015-07-29 22:53:10,269,1021.17463303,1,446.410600
2015-07-29 22:53:12,765,1023.67052412,0,343.784400
2015-07-29 22:53:14,045,1024.95060611,1,446.158200
2015-07-29 22:53:17,885,1028.79036498,1,446.395000
2015-07-29 22:53:18,749,1029.65434194,1,446.616000
2015-07-29 22:53:21,532,1032.43811607,1,446.821200
2015-07-29 22:53:21,628,1032.53414702,0,343.999400
2015-07-29 22:53:21,981,1032.88661003,1,447.074000
2015-07-29 22:53:22,268,1033.17420292,0,343.752200
2015-07-29 22:53:22,365,1033.27030301,0,343.983400
2015-07-29 22:53:25,660,1036.56616092,1,447.337200
2015-07-29 22:53:26,461,1037.36628103,1,447.594000
2015-07-29 22:53:27,933,1038.83820891,1,447.842400
2015-07-29 22:53:28,764,1039.67010903,1,448.108400
2015-07-29 22:53:28,892,1039.79809999,0,344.230600
2015-07-29 22:53:29,148,1040.05403805,0,343.994800
2015-07-29 22:53:29,628,1040.53417301,1,448.366800
2015-07-29 22:53:30,844,1041.75000906,1,448.577800
2015-07-29 22:53:31,516,1042.421803,1,448.804400
2015-07-29 22:53:31,964,1042.86995006,1,449.015000
2015-07-29 22:53:32,444,1043.35003304,1,449.273800
2015-07-29 22:53:32,476,1043.38196206,0,344.209800
2015-07-29 22:53:33,660,1044.56575704,1,449.516400
2015-07-29 22:53:35,228,1046.13387895,1,449.726800
2015-07-29 22:53:36,028,1046.93383908,1,449.997400
2015-07-29 22:53:36,764,1047.66999698,1,450.212400
2015-07-29 22:53:37,532,1048.437644,1,450.418200
2015-07-29 22:53:38,588,1049.49373198,1,450.649400
2015-07-29 22:53:39,228,1050.133636,1,450.860400
2015-07-29 22:53:40,604,1051.50967813,1,450.644800
2015-07-29 22:53:41,468,1052.37371707,1,450.402200
2015-07-29 22:53:42,172,1053.07770896,0,344.436400
2015-07-29 22:53:42,268,1053.17361498,1,450.180400
2015-07-29 22:53:42,524,1053.42962098,1,449.937400
2015-07-29 22:53:42,620,1053.52566314,1,449.710800
2015-07-29 22:53:42,716,1053.62160897,0,344.221200
2015-07-29 22:53:42,716,1053.62196112,1,449.436200
2015-07-29 22:53:42,876,1053.78196192,1,449.209800
2015-07-29 22:53:43,004,1053.90981102,1,448.879800
2015-07-29 22:53:43,100,1054.00566506,1,448.577800
2015-07-29 22:53:43,260,1054.16564202,1,448.350800
2015-07-29 22:53:43,356,1054.26159596,1,448.124400
2015-07-29 22:53:43,452,1054.35749698,1,447.842400
2015-07-29 22:53:43,548,1054.45357299,1,447.547200
